id;date;year;month;day;weekday;time;likes;reposts;views;comments;text;photos;videos;docs;link
5157;14-07-2017;2017;July;14;Friday;23;21;2;6948;0;"У тебя есть [club132837703|Смекалочка ?] 👈 
 
Умопомрачительные лайфхаки и [club132837703|эксперименты] теперь в гифках!";;;[{'16406182_1196042793845155_1883779321814843392_n.gif': 'https://vk.com/doc2000026357_447657591?hash=5576d1328eb1f1827b&dl=GQ4TCNJXHAZA:1500066187:ddd324eb0ce3f545ea&api=1&no_preview=1'}];https://vk.com/wall-143503361_5157
5156;14-07-2017;2017;July;14;Friday;23;216;70;10467;0;"Подборка видео по ООП 
 
1. Инкапсуляция 
2. Наследование 
3. Дочерный класс в памяти 
4. Агрегация и Композиция 
5. Класс обертка 
6. Множественное наследование 
7. Анонимный Объект";;[{'Инкапсуляция': 'https://vk.com/video-54530371_456240915'}, {'Наследование': 'https://vk.com/video-54530371_456240916'}, {'Дочерний класс в памяти': 'https://vk.com/video-54530371_456240917'}, {'Агрегация и Композиция': 'https://vk.com/video-54530371_456240918'}, {'Класс Обёртка': 'https://vk.com/video-54530371_456240919'}];;https://vk.com/wall-143503361_5156
5154;14-07-2017;2017;July;14;Friday;22;188;0;18265;0;;;;;https://vk.com/wall-143503361_5154
5151;14-07-2017;2017;July;14;Friday;21;187;67;15379;0;"Less 
 
Less. Урок 1. Подключение less и принцип его работы 
Less. Урок 2. Работа с переменными в Less 
Less. Урок 3. Область видимости переменных в Less 
Less. Урок 4. Работа с цветом в Less 
Less. Урок 5. Вложенные CSS селекторы в Less 
Less. Урок 6. Склеивание CSS селекторов в Less 
Less. Урок 7. Комбинирование CSS стилей в Less 
Less. Урок 8. Использование примесей (Mixin) в Less 
Less. Урок 9. Использование примесей (Mixin) с параметрами в Less 
Less. Урок 10. Использование ключевого слова Arguments в миксинах в Less";;[{'Less. Урок 1. Подключение less и принцип его работы': 'https://vk.com/video-54530371_456244545'}, {'Less. Урок 2. Работа с переменными в Less': 'https://vk.com/video-54530371_456244546'}, {'Less. Урок 3. Область видимости переменных в Less': 'https://vk.com/video-16108331_456244007'}, {'Less. Урок 4. Работа с цветом в Less': 'https://vk.com/video-54530371_456244547'}, {'Less. Урок 5. Вложенные CSS селекторы в Less': 'https://vk.com/video-54530371_456244548'}, {'Less. Урок 6. Склеивание CSS селекторов в Less': 'https://vk.com/video-54530371_456244549'}, {'Less. Урок 7. Комбинирование CSS стилей в Less': 'https://vk.com/video-54530371_456244551'}, {'Less. Урок 8. Использование примесей (Mixin) в Less': 'https://vk.com/video-54530371_456244552'}, {'Less. Урок 9. Использование примесей (Mixin) с параметрами в Less': 'https://vk.com/video-54530371_456244553'}, {'Less. Урок 10. Использование ключевого слова Arguments в миксинах в Less': 'https://vk.com/video-16108331_456244014'}];;https://vk.com/wall-143503361_5151
5150;14-07-2017;2017;July;14;Friday;21;239;73;16261;0;"Python для НЕ Начинающих 
 
1.Python для НЕ Начинающих - Рекурсия: Сумма Чисел, Факториал, Фибоначчи / Recursion 
 
2.Python для НЕ Начинающих - Бинарный-Двоичный Поиск / Binary Search 
 
3.Python для НЕ Начинающих - Сортировка Пузырьком / Bubble Sort";;[{'1.Python для НЕ Начинающих - Рекурсия: Сумма Чисел, Факториал, Фибоначчи / Recursion': 'https://vk.com/video-101965347_456252865'}, {'2.Python для НЕ Начинающих - Бинарный-Двоичный Поиск / Binary Search': 'https://vk.com/video-101965347_456252866'}, {'3.Python для НЕ Начинающих - Сортировка Пузырьком / Bubble Sort': 'https://vk.com/video-101965347_456252867'}];;https://vk.com/wall-143503361_5150
5147;14-07-2017;2017;July;14;Friday;20;1961;36;43170;0;;['https://vk.com/photo-143503361_456240213'];;;https://vk.com/wall-143503361_5147
5145;14-07-2017;2017;July;14;Friday;20;254;90;17757;0;"Продвинутый JavaScript 2017. 
 
Урок 1. Объекты 
Урок 2. Функции-конструкторы 
Урок 3. Контекст вызова 
Урок 4. Глобальный объект window";;[{'Продвинутый JavaScript 2017. Урок 1 - Функции-конструкторы': 'https://vk.com/video-101965347_456252727'}, {'Урок 3. Продвинутый JavaScript 2017 - Контекст вызовы': 'https://vk.com/video-47772593_456239150'}];;https://vk.com/wall-143503361_5145
5143;14-07-2017;2017;July;14;Friday;19;280;76;18969;0;"Решение научных и инженерных задач средствами Excel, VBA и C/C++ 
 
Книга посвящена практическим вопросам программирования. Подробно рассматривается технология создания недорогого и максимально адаптированного для пользователей всех квалификаций программного обеспечения для анализа данных и математического моделирования. Изложение ведется как в применении к официальным, так и - впервые в литературе - альтернативным средствам разработки, причем последним уделяется большое внимание. 
Книга будет полезна в качестве практического пособия преподавателям и студентам, программистам, научным работникам и инженерам-исследователям.";['https://vk.com/photo-143503361_456240212'];;[{'Gaydyshev_I_P_-_Reshenie_nauchnykh_i_inzhenernykh_z.pdf': 'https://vk.com/doc18258452_448180533?hash=9ac07160a13a89f969&dl=GQ4TCNJXHAZA:1500066187:8302c49a05f442b349&api=1&no_preview=1'}];https://vk.com/wall-143503361_5143
5142;14-07-2017;2017;July;14;Friday;19;233;79;17344;0;"Полезные видео о работе с SQL от tproger: 
 
1. Интенсивный курс по SQL для начинающих. 
2. Оптимизация SQL-запросов (часть 1) — доклад Сергея Михалева, разработчика в компании Одноклассники. 
3. Оптимизация SQL-запросов (часть 2) — доклад Сергея Михалева, разработчика в компании Одноклассники. 
4. Как читать план запроса в SQL Server — доклад Сергея Олонцева, сотрудника Лаборатория Касперского.";;[{'SQL Crash Course - Beginner to Intermediate': 'https://vk.com/video-101965347_456254116'}, {'Сергей Михалев — Оптимизация SQL-запросов, часть 1': 'https://vk.com/video-54530371_456241962'}, {'Сергей Михалев — Оптимизация SQL-запросов, часть 2': 'https://vk.com/video-32854130_456239315'}, {'Как читать план запроса в SQL Server': 'https://vk.com/video-54530371_456241993'}];;https://vk.com/wall-143503361_5142
5141;14-07-2017;2017;July;14;Friday;18;381;125;21686;0;"Как устроен поиск Яндекса: о чём невозможно прочитать 
 
Как найти лучшие ответы — Александр Сафронов 
 
Вызовы поискового облака — Олег Фёдоров 
 
Поиск Яндекса с инженерной точки зрения — Пётр Попов";;[{'003. Как найти лучшие ответы — Александр Сафронов': 'https://vk.com/video-16108331_456244588'}, {'002. Вызовы поискового облака — Олег Фёдоров': 'https://vk.com/video-16108331_456244589'}, {'001. Поиск Яндекса с инженерной точки зрения — Пётр Попов': 'https://vk.com/video-16108331_456244590'}];;https://vk.com/wall-143503361_5141
5139;14-07-2017;2017;July;14;Friday;17;214;70;19867;0;"SQL Server 2016 
 
Безопасность на уровне строк (RLS) в SQL Server 2016 
 
Моментальные снимки базы данных (Database Snapshots) в SQL Server 2016 
 
Маскировка динамических данных (Dynamic Data Masking) в SQL Server 2016";;[{'Безопасность на уровне строк (RLS) в SQL Server 2016': 'https://vk.com/video-39243732_456240363'}, {'Моментальные снимки базы данных (Database Snapshots) в SQL Server 2016': 'https://vk.com/video-39243732_456240364'}, {'Маскировка динамических данных (Dynamic Data Masking) в SQL Server 2016': 'https://vk.com/video-39243732_456240365'}];;https://vk.com/wall-143503361_5139
5138;14-07-2017;2017;July;14;Friday;16;38;0;30521;0;"Прокачай себя в финтехе и попади на саммит в Сочи!
Ты студент, аспирант, недавний выпускник или преподаватель вуза? Твоя специализация: бизнес аналитика или программирование? Тогда мы ждем тебя на Молодежном дне Fintech в Сочи 4 октября 2017 г.!
Заполни до 30.07 заявку на участие в первом Молодежном дне Fintech на Finopolis 2017 в Сочи (http://yday.finopolis.ru/). Пройди отборочный конкурс по двум специализациям: бизнес-аналитика и программирование. Попади на Молодежный день Fintech в Сочи (4 октября 2017 г.).
Победителей конкурса Молодежного дня ждут встречи с экспертами в области финтеха, руководителями ведущих российских банков и ИТ-компаний, а также награды и призы от оргкомитета и партнеров Finopolis 2017.
Информация на сайте: http://yday.finopolis.ru/ 
E-mail: yday@finopolis.ru";;;;https://vk.com/wall-143503361_5138
5122;14-07-2017;2017;July;14;Friday;15;3050;202;51942;0;;['https://vk.com/photo-143503361_456240211'];;;https://vk.com/wall-143503361_5122
5121;14-07-2017;2017;July;14;Friday;14;275;90;23483;0;"jQuery plugins 
 
jQuery plugins - лучшие практики - 01 - введение 
jQuery plugins - лучшие практики - 02 - объект this 
jQuery plugins - лучшие практики - 03 - цепочки вызовов 
jQuery plugins - лучшие практики - 04 - настройки плагина 
jQuery plugins - лучшие практики - 05 - организация кода 
jQuery plugins - лучшие практики - 06 - темы оформления 
jQuery plugins - лучшие практики - 07 - генерация событий 
jQuery plugins - лучшие практики - 08 - пользовательские callback функции 
jQuery plugins - лучшие практики - 09 - настраиваемость Ajax 
jQuery plugins - лучшие практики - 10 - обработка ошибок Ajax";;[{'jQuery plugins - лучшие практики - 01 - введение': 'https://vk.com/video-37413577_171237239'}, {'jQuery plugins - лучшие практики - 02 - объект this': 'https://vk.com/video-37413577_171237238'}, {'jQuery plugins - лучшие практики - 03 - цепочки вызовов': 'https://vk.com/video-37413577_171237237'}, {'jQuery plugins - лучшие практики - 04 - настройки плагина': 'https://vk.com/video-37413577_171237236'}, {'jQuery plugins - лучшие практики - 05 - организация кода': 'https://vk.com/video-37413577_171237235'}, {'jQuery plugins - лучшие практики - 06 - темы оформления': 'https://vk.com/video-37413577_171237234'}, {'jQuery plugins - лучшие практики - 07 - генерация событий': 'https://vk.com/video-37413577_171237233'}, {'jQuery plugins - лучшие практики - 08 - пользовательские callback функции': 'https://vk.com/video-37413577_171237232'}, {'jQuery plugins - лучшие практики - 09 - настраиваемость Ajax': 'https://vk.com/video-37413577_171237230'}, {'jQuery plugins - лучшие практики - 10 - обработка ошибок Ajax': 'https://vk.com/video-37413577_171237229'}];;https://vk.com/wall-143503361_5121
5119;14-07-2017;2017;July;14;Friday;13;622;213;26676;0;"Создание адаптивных сайтов 
 
Создание адаптивных сайтов - урок первый 
Создание адаптивных сайтов - урок второй. Как перевести статичную разметку в гибкую. 
Создание адаптивных сайтов - урок третий. гибридная верстка 
Создание адаптивных сайтов - урок четвертый. Гибкая сетка (Fluid grid) 
Создание адаптивных сайтов - урок пятый. Media queries 
Создание адаптивных сайтов - урок шестой. Flexible media (гибкие медиа) 
Создание адаптивных сайтов - урок седьмой. Тестирование";;[{'Создание адаптивных сайтов - урок первый': 'https://vk.com/video-37413577_171191407'}, {'Создание адаптивных сайтов - урок второй. Как перевести статичную разметку в гибкую.': 'https://vk.com/video-16108331_456244655'}, {'Создание адаптивных сайтов - урок третий. гибридная верстка': 'https://vk.com/video-101965347_456247257'}, {'Создание адаптивных сайтов - урок четвертый. Гибкая сетка (Fluid grid)': 'https://vk.com/video-54530371_456244117'}, {'Создание адаптивных сайтов - урок пятый. Media queries': 'https://vk.com/video-54530371_456244118'}, {'Создание адаптивных сайтов - урок шестой. Flexible media (гибкие медиа)': 'https://vk.com/video-54530371_456244119'}, {'Создание адаптивных сайтов - урок седьмой. Тестирование': 'https://vk.com/video-101965347_456247261'}];;https://vk.com/wall-143503361_5119
5118;14-07-2017;2017;July;14;Friday;12;231;84;22706;0;"CentOS 7 
 
Установка и настройка DHCP-сервера в CentOS 7 
Установка и настройка DHCP Relay в CentOS 7 
Файловая система XFS в CentOS 7 
Квоты на файловой системе XFS в CentOS 7 
Резервное копирование и восстановление файловой системы XFS в CentOS 7 
Установка Apache HTTP Server в CentOS 7 
Управление модулями Apache HTTP Server в CentOS 7 
Управление виртуальными хостами Apache HTTP Server в CentOS 7 
Управление SSL в Apache HTTP Server в CentOS 7 
Управление загрузчиком GRUB 2 в CentOS 7";;[{'Установка и настройка DHCP-сервера в CentOS 7': 'https://vk.com/video-117227374_456239910'}, {'Установка и настройка DHCP Relay в CentOS 7': 'https://vk.com/video-117227374_456239911'}, {'Файловая система XFS в CentOS 7': 'https://vk.com/video-117227374_456239912'}, {'Квоты на файловой системе XFS в CentOS 7': 'https://vk.com/video-117227374_456239913'}, {'Резервное копирование и восстановление файловой системы XFS в CentOS 7': 'https://vk.com/video-117227374_456239914'}, {'Установка Apache HTTP Server в CentOS 7': 'https://vk.com/video-117227374_456239915'}, {'Управление модулями Apache HTTP Server в CentOS 7': 'https://vk.com/video-117227374_456239916'}, {'Управление виртуальными хостами Apache HTTP Server в CentOS 7': 'https://vk.com/video-117227374_456239917'}, {'Управление SSL в Apache HTTP Server в CentOS 7': 'https://vk.com/video-117227374_456239918'}, {'Управление загрузчиком GRUB 2 в CentOS 7': 'https://vk.com/video-117227374_456239919'}];;https://vk.com/wall-143503361_5118
5116;14-07-2017;2017;July;14;Friday;11;550;39;25793;0;Некий профессор криптографии увидел на блошином рынке в Бухаресте шифровальную машину «Энигма» и купил ее всего за сто евро. После этого он отнес ее на аукцион Artmark, где ее купил коллекционер за 45 тысяч евро.;;;[{'1.gif': 'https://vk.com/doc18258452_448146951?hash=7345449b66c027ee3b&dl=GQ4TCNJXHAZA:1500066187:ec9299f252efb898f8&api=1&no_preview=1'}];https://vk.com/wall-143503361_5116
5114;14-07-2017;2017;July;14;Friday;10;209;55;24478;0;"Делим программу на потоки №1. Swift.Thread 
В этом видео я рассматриваю понятия многопоточного и асинхронного кода, а так же подробно показываю как работать с потоками через класс Thread. 
 
Делим программу на потоки №2. Swift.GCD 
Продолжаем рассматривать многопоточность, а в частности GCD.";;[{'Делим программу на потоки №1. Swift.Thread': 'https://vk.com/video-16108331_456250866'}, {'Делим программу на потоки №2. Swift.GCD': 'https://vk.com/video-16108331_456250867'}];;https://vk.com/wall-143503361_5114
5111;14-07-2017;2017;July;14;Friday;09;1094;312;37716;0;Методика мышления в шахматах;;[{'Система Чужакина. Шахматы. Видео.': 'https://vk.com/video-16108331_456244192'}, {'Система Чужакина. Урок 1': 'https://vk.com/video-16108331_456244193'}, {'Система Чужакина. Урок 2.': 'https://vk.com/video-16108331_456244194'}, {'Система Чужакина. Урок 3.': 'https://vk.com/video-16108331_171210376'}, {'Система Чужакина. Урок 4.': 'https://vk.com/video-16108331_171210378'}, {'Система Чужакина. Презентация 2014': 'https://vk.com/video-68547488_170147412'}];;https://vk.com/wall-143503361_5111
5105;14-07-2017;2017;July;14;Friday;00;3112;233;62160;0;;['https://vk.com/photo-143503361_456240208'];;;https://vk.com/wall-143503361_5105
5102;13-07-2017;2017;July;13;Thursday;23;243;7;48286;0;Не переживай, а скорее регистрируйся на сайте: https://vk.cc/6QB3Qu;['https://vk.com/photo-143503361_456240180'];;;https://vk.com/wall-143503361_5102
5032;12-07-2017;2017;July;12;Wednesday;21;3946;165;71910;0;;['https://vk.com/photo-143503361_456240197'];;;https://vk.com/wall-143503361_5032
4997;12-07-2017;2017;July;12;Wednesday;12;3086;125;63725;0;;['https://vk.com/photo-143503361_456240191'];;;https://vk.com/wall-143503361_4997
4979;11-07-2017;2017;July;11;Tuesday;23;2301;45;66184;0;;['https://vk.com/photo-143503361_456240186'];;;https://vk.com/wall-143503361_4979
4924;10-07-2017;2017;July;10;Monday;23;3501;218;72593;0;;['https://vk.com/photo-143503361_456240172'];;;https://vk.com/wall-143503361_4924
4907;10-07-2017;2017;July;10;Monday;17;8861;128;91406;0;;['https://vk.com/photo-143503361_456240167'];;;https://vk.com/wall-143503361_4907
4876;10-07-2017;2017;July;10;Monday;10;3443;73;73323;0;;['https://vk.com/photo-143503361_456240162'];;;https://vk.com/wall-143503361_4876
4838;09-07-2017;2017;July;09;Sunday;12;3278;143;72476;0;;['https://vk.com/photo-143503361_456240160'];;;https://vk.com/wall-143503361_4838
4757;08-07-2017;2017;July;08;Saturday;11;2812;55;72896;0;;['https://vk.com/photo-143503361_456240152'];;;https://vk.com/wall-143503361_4757
4741;07-07-2017;2017;July;07;Friday;22;4810;89;85802;0;Согласны?👍;['https://vk.com/photo-143503361_456240151'];;;https://vk.com/wall-143503361_4741
4647;06-07-2017;2017;July;06;Thursday;09;4455;216;79764;0;;['https://vk.com/photo-143503361_456240117'];;;https://vk.com/wall-143503361_4647
4620;06-07-2017;2017;July;06;Thursday;00;4151;233;81880;0;;['https://vk.com/photo-143503361_456240116'];;;https://vk.com/wall-143503361_4620
4554;05-07-2017;2017;July;05;Wednesday;06;6595;124;86933;0;;['https://vk.com/photo-143503361_456240105'];;;https://vk.com/wall-143503361_4554
4552;05-07-2017;2017;July;05;Wednesday;00;4693;395;84042;0;;['https://vk.com/photo-143503361_456240104'];;;https://vk.com/wall-143503361_4552
4486;04-07-2017;2017;July;04;Tuesday;00;3649;170;77679;0;Когда отключили интернет;['https://vk.com/photo-143503361_456240094'];;;https://vk.com/wall-143503361_4486
4481;03-07-2017;2017;July;03;Monday;22;5438;372;92750;0;;['https://vk.com/photo-143503361_456240093'];;;https://vk.com/wall-143503361_4481
4421;03-07-2017;2017;July;03;Monday;10;3637;104;81393;0;;['https://vk.com/photo-143503361_456240086'];;;https://vk.com/wall-143503361_4421
4410;02-07-2017;2017;July;02;Sunday;23;4230;111;87111;0;Тянул до последнего;['https://vk.com/photo-143503361_456240085'];;;https://vk.com/wall-143503361_4410
4361;02-07-2017;2017;July;02;Sunday;11;3125;138;81100;0;;['https://vk.com/photo-143503361_456240074'];;;https://vk.com/wall-143503361_4361
4294;01-07-2017;2017;July;01;Saturday;00;4162;123;94045;0;;['https://vk.com/photo-143503361_456240057'];;;https://vk.com/wall-143503361_4294
4271;30-06-2017;2017;June;30;Friday;18;3191;141;80453;0;;['https://vk.com/photo-143503361_456240051'];;;https://vk.com/wall-143503361_4271
4156;28-06-2017;2017;June;28;Wednesday;22;3324;55;81300;0;Эволюция 2012-2017;['https://vk.com/photo-143503361_456240033'];;;https://vk.com/wall-143503361_4156
4138;28-06-2017;2017;June;28;Wednesday;18;4071;300;86532;0;;['https://vk.com/photo-143503361_456240024'];;;https://vk.com/wall-143503361_4138
4108;28-06-2017;2017;June;28;Wednesday;10;3460;93;78763;0;;['https://vk.com/photo-143503361_456240020'];;;https://vk.com/wall-143503361_4108
4096;27-06-2017;2017;June;27;Tuesday;22;3964;137;93129;0;;['https://vk.com/photo-143503361_456240017'];;;https://vk.com/wall-143503361_4096
4036;27-06-2017;2017;June;27;Tuesday;10;5077;400;90940;0;;['https://vk.com/photo-143503361_456239996'];;;https://vk.com/wall-143503361_4036
4014;26-06-2017;2017;June;26;Monday;21;3742;105;88354;0;;['https://vk.com/photo-143503361_456239989'];;;https://vk.com/wall-143503361_4014
3987;26-06-2017;2017;June;26;Monday;15;4445;202;85218;0;;['https://vk.com/photo-143503361_456239987'];;;https://vk.com/wall-143503361_3987
3967;26-06-2017;2017;June;26;Monday;09;3140;166;83882;0;;['https://vk.com/photo-143503361_456239984'];;;https://vk.com/wall-143503361_3967
3959;25-06-2017;2017;June;25;Sunday;23;3379;144;90542;0;;['https://vk.com/photo-143503361_456239981'];;;https://vk.com/wall-143503361_3959
3951;25-06-2017;2017;June;25;Sunday;20;3551;63;92791;0;;['https://vk.com/photo-143503361_456239980'];;;https://vk.com/wall-143503361_3951
3922;25-06-2017;2017;June;25;Sunday;15;3707;118;89988;0;;['https://vk.com/photo-143503361_456239975'];;;https://vk.com/wall-143503361_3922
3906;25-06-2017;2017;June;25;Sunday;09;2757;82;81994;0;;['https://vk.com/photo-143503361_456239974'];;;https://vk.com/wall-143503361_3906
3888;24-06-2017;2017;June;24;Saturday;21;2070;60;77381;0;Лёня Голубков;['https://vk.com/photo-143503361_456239971'];;;https://vk.com/wall-143503361_3888
3870;24-06-2017;2017;June;24;Saturday;18;3633;187;79927;0;;['https://vk.com/photo-143503361_456239969'];;;https://vk.com/wall-143503361_3870
3819;23-06-2017;2017;June;23;Friday;19;3496;181;84489;0;;['https://vk.com/photo-143503361_456239962'];;;https://vk.com/wall-143503361_3819
3741;22-06-2017;2017;June;22;Thursday;10;4574;458;92220;0;;['https://vk.com/photo-143503361_456239951'];;;https://vk.com/wall-143503361_3741
3727;21-06-2017;2017;June;21;Wednesday;22;3102;106;82543;0;;['https://vk.com/photo-143503361_456239948'];;;https://vk.com/wall-143503361_3727
3707;21-06-2017;2017;June;21;Wednesday;18;3546;138;84817;0;;['https://vk.com/photo-143503361_456239945'];;;https://vk.com/wall-143503361_3707
3680;21-06-2017;2017;June;21;Wednesday;13;2986;75;82166;0;;['https://vk.com/photo-143503361_456239941'];;;https://vk.com/wall-143503361_3680
3655;21-06-2017;2017;June;21;Wednesday;00;3503;80;89596;0;;['https://vk.com/photo-143503361_456239907'];;;https://vk.com/wall-143503361_3655
3637;20-06-2017;2017;June;20;Tuesday;20;2724;129;78659;0;;['https://vk.com/photo-143503361_456239927'];;;https://vk.com/wall-143503361_3637
3562;19-06-2017;2017;June;19;Monday;23;3708;458;105396;0;Я нашел себе работу мечты!;['https://vk.com/photo-143503361_456239899'];;;https://vk.com/wall-143503361_3562
3553;19-06-2017;2017;June;19;Monday;21;2596;144;84438;0;Хотели бы такую игрушку?;;;[{'8c067d673f2de0e6ced269e3a3649c22.gif': 'https://vk.com/doc18258452_447118179?hash=db533041e4466ade7d&dl=GQ4TCNJXHAZA:1500066187:e035b34f97d2e16a2b&api=1&no_preview=1'}];https://vk.com/wall-143503361_3553
3545;19-06-2017;2017;June;19;Monday;19;4094;240;97492;0;;['https://vk.com/photo-143503361_456239897'];;;https://vk.com/wall-143503361_3545
3532;19-06-2017;2017;June;19;Monday;15;3156;92;81579;0;;['https://vk.com/photo-143503361_456239895'];;;https://vk.com/wall-143503361_3532
3517;19-06-2017;2017;June;19;Monday;11;2902;122;81967;0;;['https://vk.com/photo-143503361_456239893'];;;https://vk.com/wall-143503361_3517
3506;19-06-2017;2017;June;19;Monday;06;5533;394;96205;0;;['https://vk.com/photo-143503361_456239891'];;;https://vk.com/wall-143503361_3506
3498;18-06-2017;2017;June;18;Sunday;22;5817;128;100899;0;;['https://vk.com/photo-143503361_456239889'];;;https://vk.com/wall-143503361_3498
3473;18-06-2017;2017;June;18;Sunday;19;2555;107;82405;0;;['https://vk.com/photo-143503361_456239881'];;;https://vk.com/wall-143503361_3473
3433;18-06-2017;2017;June;18;Sunday;06;9049;185;99803;0;;['https://vk.com/photo-143503361_456239870'];;;https://vk.com/wall-143503361_3433
3417;17-06-2017;2017;June;17;Saturday;21;4331;69;90891;0;;['https://vk.com/photo-143503361_456239866'];;;https://vk.com/wall-143503361_3417
3412;17-06-2017;2017;June;17;Saturday;19;4083;27;86050;0;;['https://vk.com/photo-143503361_456239864'];;;https://vk.com/wall-143503361_3412
3398;17-06-2017;2017;June;17;Saturday;15;2427;60;75781;0;;['https://vk.com/photo-143503361_456239862'];;;https://vk.com/wall-143503361_3398
3371;17-06-2017;2017;June;17;Saturday;10;3462;69;86249;0;;['https://vk.com/photo-143503361_456239861'];;;https://vk.com/wall-143503361_3371
3361;16-06-2017;2017;June;16;Friday;22;5508;269;99590;0;;['https://vk.com/photo-143503361_456239858'];;;https://vk.com/wall-143503361_3361
3290;15-06-2017;2017;June;15;Thursday;22;99;3;70362;0;"Покупать вещи на Али и в других магазинах через наш кэшбэк-сервис дешевле, чем обычно!

Дарим 200 руб. на счет за регистрацию в подарок - kopikot.ru/mp3-ps";['https://vk.com/photo-143503361_456239841'];;;https://vk.com/wall-143503361_3290
3289;15-06-2017;2017;June;15;Thursday;22;3031;111;83053;0;;['https://vk.com/photo-143503361_456239842'];;;https://vk.com/wall-143503361_3289
3247;15-06-2017;2017;June;15;Thursday;09;3375;118;87065;0;😏;['https://vk.com/photo-143503361_456239834'];;;https://vk.com/wall-143503361_3247
3209;14-06-2017;2017;June;14;Wednesday;15;3359;211;83972;0;;['https://vk.com/photo-143503361_456239829'];;;https://vk.com/wall-143503361_3209
3178;13-06-2017;2017;June;13;Tuesday;23;3756;135;88959;0;;['https://vk.com/photo-143503361_456239805'];;;https://vk.com/wall-143503361_3178
3156;13-06-2017;2017;June;13;Tuesday;21;4059;219;93432;0;;['https://vk.com/photo-143503361_456239802'];;;https://vk.com/wall-143503361_3156
3127;13-06-2017;2017;June;13;Tuesday;12;4977;302;106105;0;;['https://vk.com/photo-143503361_456239796'];;;https://vk.com/wall-143503361_3127
3117;13-06-2017;2017;June;13;Tuesday;00;10766;41;112252;0;;['https://vk.com/photo-143503361_456239790'];;;https://vk.com/wall-143503361_3117
3110;12-06-2017;2017;June;12;Monday;21;3838;131;91680;0;;['https://vk.com/photo-143503361_456239787'];;;https://vk.com/wall-143503361_3110
3085;12-06-2017;2017;June;12;Monday;18;3213;279;84730;0;;['https://vk.com/photo-143503361_456239786'];;;https://vk.com/wall-143503361_3085
3079;12-06-2017;2017;June;12;Monday;15;3170;104;81906;0;;['https://vk.com/photo-143503361_456239784'];;;https://vk.com/wall-143503361_3079
3073;12-06-2017;2017;June;12;Monday;12;2418;135;78351;0;;['https://vk.com/photo-143503361_456239782'];;;https://vk.com/wall-143503361_3073
3059;12-06-2017;2017;June;12;Monday;00;3928;126;91908;0;;['https://vk.com/photo-143503361_456239781'];;;https://vk.com/wall-143503361_3059
3053;11-06-2017;2017;June;11;Sunday;22;5739;282;99958;0;;['https://vk.com/photo-143503361_456239780'];;;https://vk.com/wall-143503361_3053
3007;11-06-2017;2017;June;11;Sunday;11;3936;118;87388;0;;['https://vk.com/photo-143503361_456239768'];;;https://vk.com/wall-143503361_3007
2995;10-06-2017;2017;June;10;Saturday;23;3339;171;87692;0;;['https://vk.com/photo-143503361_456239767'];;;https://vk.com/wall-143503361_2995
2976;10-06-2017;2017;June;10;Saturday;20;3027;189;82428;0;;['https://vk.com/photo-143503361_456239758'];;;https://vk.com/wall-143503361_2976
2958;10-06-2017;2017;June;10;Saturday;17;4083;222;83944;0;;['https://vk.com/photo-143503361_456239756'];;;https://vk.com/wall-143503361_2958
2941;10-06-2017;2017;June;10;Saturday;11;4107;317;89386;0;Про меня.;['https://vk.com/photo-143503361_456239752'];;;https://vk.com/wall-143503361_2941
2924;09-06-2017;2017;June;09;Friday;23;5968;587;104699;0;;['https://vk.com/photo-143503361_456239747'];;;https://vk.com/wall-143503361_2924
2914;09-06-2017;2017;June;09;Friday;22;3027;94;82370;0;;['https://vk.com/photo-143503361_456239742'];;;https://vk.com/wall-143503361_2914
2897;09-06-2017;2017;June;09;Friday;19;4431;192;85788;0;;['https://vk.com/photo-143503361_456239731'];;;https://vk.com/wall-143503361_2897
2878;09-06-2017;2017;June;09;Friday;15;3711;183;82982;0;;['https://vk.com/photo-143503361_456239727'];;;https://vk.com/wall-143503361_2878
2868;09-06-2017;2017;June;09;Friday;12;4481;272;92006;0;;['https://vk.com/photo-143503361_456239725'];;;https://vk.com/wall-143503361_2868
2864;09-06-2017;2017;June;09;Friday;10;3233;119;80527;0;;['https://vk.com/photo-143503361_456239723'];;;https://vk.com/wall-143503361_2864
2849;08-06-2017;2017;June;08;Thursday;22;4072;125;87986;0;;['https://vk.com/photo-143503361_456239717'];;;https://vk.com/wall-143503361_2849
2847;08-06-2017;2017;June;08;Thursday;22;2210;72;80306;0;;['https://vk.com/photo-143503361_456239716'];;;https://vk.com/wall-143503361_2847
2831;08-06-2017;2017;June;08;Thursday;19;3374;144;85171;0;;['https://vk.com/photo-143503361_456239711'];;;https://vk.com/wall-143503361_2831
2823;08-06-2017;2017;June;08;Thursday;17;3128;120;80927;0;;['https://vk.com/photo-143503361_456239709'];;;https://vk.com/wall-143503361_2823
2812;08-06-2017;2017;June;08;Thursday;13;5632;279;95258;0;;['https://vk.com/photo-143503361_456239707'];;;https://vk.com/wall-143503361_2812
2799;08-06-2017;2017;June;08;Thursday;09;4043;303;84914;0;;['https://vk.com/photo-143503361_456239704'];;;https://vk.com/wall-143503361_2799
2789;07-06-2017;2017;June;07;Wednesday;22;2315;184;79149;0;;['https://vk.com/photo-143503361_456239701'];;;https://vk.com/wall-143503361_2789
2769;07-06-2017;2017;June;07;Wednesday;18;3409;129;78273;0;;['https://vk.com/photo-143503361_456239697'];;;https://vk.com/wall-143503361_2769
2745;07-06-2017;2017;June;07;Wednesday;12;2380;142;75825;0;;['https://vk.com/photo-143503361_456239694'];;;https://vk.com/wall-143503361_2745
2736;07-06-2017;2017;June;07;Wednesday;09;3387;111;84003;0;;['https://vk.com/photo-143503361_456239693'];;;https://vk.com/wall-143503361_2736
2723;06-06-2017;2017;June;06;Tuesday;22;2513;88;82282;0;;['https://vk.com/photo-143503361_456239688'];;;https://vk.com/wall-143503361_2723
2711;06-06-2017;2017;June;06;Tuesday;18;3633;153;87881;0;;['https://vk.com/photo-143503361_456239686'];;;https://vk.com/wall-143503361_2711
2657;05-06-2017;2017;June;05;Monday;22;5165;325;98949;0;;['https://vk.com/photo-143503361_456239667'];;;https://vk.com/wall-143503361_2657
2624;05-06-2017;2017;June;05;Monday;17;2763;159;83135;0;;['https://vk.com/photo-143503361_456239645'];;;https://vk.com/wall-143503361_2624
2616;05-06-2017;2017;June;05;Monday;12;3908;270;91729;0;;['https://vk.com/photo-143503361_456239642'];;;https://vk.com/wall-143503361_2616
2599;05-06-2017;2017;June;05;Monday;09;3688;229;86726;0;;['https://vk.com/photo-143503361_456239638'];;;https://vk.com/wall-143503361_2599
2587;04-06-2017;2017;June;04;Sunday;22;578;13;70276;0;;;;[{'Ване.gif': 'https://vk.com/doc2000056345_446227026?hash=8accfb54cf58278471&dl=GQ4TCNJXHAZA:1500066189:f48d6930af3567411e&api=1&no_preview=1'}];https://vk.com/wall-143503361_2587
2586;04-06-2017;2017;June;04;Sunday;22;3608;216;86827;0;;['https://vk.com/photo-143503361_456239628'];;;https://vk.com/wall-143503361_2586
2581;04-06-2017;2017;June;04;Sunday;21;5101;158;88399;0;;['https://vk.com/photo-143503361_456239626'];;;https://vk.com/wall-143503361_2581
2564;04-06-2017;2017;June;04;Sunday;17;2519;109;77161;0;;['https://vk.com/photo-143503361_456239625'];;;https://vk.com/wall-143503361_2564
2558;04-06-2017;2017;June;04;Sunday;14;3548;143;80418;0;;['https://vk.com/photo-143503361_456239623'];;;https://vk.com/wall-143503361_2558
2542;04-06-2017;2017;June;04;Sunday;09;2988;117;83525;0;;['https://vk.com/photo-143503361_456239619'];;;https://vk.com/wall-143503361_2542
2523;03-06-2017;2017;June;03;Saturday;23;3256;323;87129;0;Как делали селфи наши предки;;;[{'1.gif': 'https://vk.com/doc18258452_446388573?hash=acc5216773e8777f2f&dl=GQ4TCNJXHAZA:1500066189:5d65d668306df79358&api=1&no_preview=1'}];https://vk.com/wall-143503361_2523
2508;03-06-2017;2017;June;03;Saturday;20;4876;242;87963;0;;['https://vk.com/photo-143503361_456239612'];;;https://vk.com/wall-143503361_2508
2479;03-06-2017;2017;June;03;Saturday;13;1823;103;73984;0;;['https://vk.com/photo-143503361_456239600'];;;https://vk.com/wall-143503361_2479
2477;03-06-2017;2017;June;03;Saturday;12;4897;201;92051;0;;['https://vk.com/photo-143503361_456239598'];;;https://vk.com/wall-143503361_2477
2465;03-06-2017;2017;June;03;Saturday;10;2978;77;80557;0;;['https://vk.com/photo-143503361_456239588'];;;https://vk.com/wall-143503361_2465
2448;02-06-2017;2017;June;02;Friday;23;4433;459;88722;0;;['https://vk.com/photo-143503361_456239581'];;;https://vk.com/wall-143503361_2448
2388;02-06-2017;2017;June;02;Friday;05;9888;48;106190;0;;['https://vk.com/photo-143503361_456239563'];;;https://vk.com/wall-143503361_2388
2382;01-06-2017;2017;June;01;Thursday;23;3592;272;82391;0;;['https://vk.com/photo-143503361_456239559'];;;https://vk.com/wall-143503361_2382
2376;01-06-2017;2017;June;01;Thursday;22;3595;198;85882;0;;['https://vk.com/photo-143503361_456239558'];;;https://vk.com/wall-143503361_2376
2365;01-06-2017;2017;June;01;Thursday;19;4204;112;88278;0;;['https://vk.com/photo-143503361_456239553'];;;https://vk.com/wall-143503361_2365
2344;01-06-2017;2017;June;01;Thursday;16;2712;127;72959;0;Вход к сисадмину;['https://vk.com/photo-143503361_456239548'];;;https://vk.com/wall-143503361_2344
2328;01-06-2017;2017;June;01;Thursday;12;4032;242;85322;0;;['https://vk.com/photo-143503361_456239546'];;;https://vk.com/wall-143503361_2328
2308;01-06-2017;2017;June;01;Thursday;08;3825;279;79843;0;Скворечник;['https://vk.com/photo-143503361_456239543'];;;https://vk.com/wall-143503361_2308
2292;31-05-2017;2017;May;31;Wednesday;22;4853;259;91028;0;;['https://vk.com/photo-143503361_456239540'];;;https://vk.com/wall-143503361_2292
2259;31-05-2017;2017;May;31;Wednesday;16;5286;313;93601;0;;['https://vk.com/photo-143503361_456239528'];;;https://vk.com/wall-143503361_2259
2242;31-05-2017;2017;May;31;Wednesday;11;4158;233;87575;0;;['https://vk.com/photo-143503361_456239521'];;;https://vk.com/wall-143503361_2242
2225;31-05-2017;2017;May;31;Wednesday;00;3257;147;90619;0;;['https://vk.com/photo-143503361_456239515'];;;https://vk.com/wall-143503361_2225
2219;30-05-2017;2017;May;30;Tuesday;22;3430;75;88484;0;;['https://vk.com/photo-143503361_456239493'];;;https://vk.com/wall-143503361_2219
2150;29-05-2017;2017;May;29;Monday;23;2256;138;77916;0;;['https://vk.com/photo-143503361_456239488'];;;https://vk.com/wall-143503361_2150
2146;29-05-2017;2017;May;29;Monday;21;5935;582;101544;0;;['https://vk.com/photo-143503361_456239487'];;;https://vk.com/wall-143503361_2146
2112;29-05-2017;2017;May;29;Monday;15;4326;283;87559;0;;['https://vk.com/photo-143503361_456239483'];;;https://vk.com/wall-143503361_2112
2094;29-05-2017;2017;May;29;Monday;09;2953;95;83694;0;;['https://vk.com/photo-143503361_456239480'];;;https://vk.com/wall-143503361_2094
2086;29-05-2017;2017;May;29;Monday;08;134;2;66119;0;"Интересуешься бизнесом?
Но до сих пор не начал свое дело?

Добро пожаловать в [club121585285|блог бизнесмена]";['https://vk.com/photo-143503361_456239468'];;;https://vk.com/wall-143503361_2086
2074;28-05-2017;2017;May;28;Sunday;21;4228;91;91892;0;;['https://vk.com/photo-143503361_456239479'];;;https://vk.com/wall-143503361_2074
2050;28-05-2017;2017;May;28;Sunday;17;5281;404;94615;0;;['https://vk.com/photo-143503361_456239476'];;;https://vk.com/wall-143503361_2050
2019;28-05-2017;2017;May;28;Sunday;07;3129;80;84858;0;;['https://vk.com/photo-143503361_456239475'];;;https://vk.com/wall-143503361_2019
2011;27-05-2017;2017;May;27;Saturday;21;2824;284;84085;0;;['https://vk.com/photo-143503361_456239474'];;;https://vk.com/wall-143503361_2011
1977;27-05-2017;2017;May;27;Saturday;17;6446;47;97244;0;;['https://vk.com/photo-143503361_456239464'];;;https://vk.com/wall-143503361_1977
1958;27-05-2017;2017;May;27;Saturday;10;2492;241;88937;0;Когда друг наконец прислал свою часть проекта;;;[{'video.gif': 'https://vk.com/doc18258452_446016638?hash=6053a9b59f229c5057&dl=GQ4TCNJXHAZA:1500066189:18ed06069e61f4bc44&api=1&no_preview=1'}];https://vk.com/wall-143503361_1958
1952;27-05-2017;2017;May;27;Saturday;00;2209;74;82530;0;Алкогольное DLC;['https://vk.com/photo-143503361_456239459'];;;https://vk.com/wall-143503361_1952
1948;26-05-2017;2017;May;26;Friday;22;3209;254;79839;0;Вариации;['https://vk.com/photo-143503361_456239458'];;;https://vk.com/wall-143503361_1948
1941;26-05-2017;2017;May;26;Friday;19;2183;189;73987;0;Тайский осциллограф;;;[{'1390413755_458576928.gif': 'https://vk.com/doc18258452_446014170?hash=3f694119379915bc5e&dl=GQ4TCNJXHAZA:1500066189:9c7a3f2b2fe0c8e1b2&api=1&no_preview=1'}];https://vk.com/wall-143503361_1941
1921;26-05-2017;2017;May;26;Friday;14;2567;272;93825;0;Когда друг наконец прислал свою часть проекта;;;[{'video.gif': 'https://vk.com/doc18258452_446006490?hash=bd2eebe676eaf55169&dl=GQ4TCNJXHAZA:1500066189:7cf20da4396c85c366&api=1&no_preview=1'}];https://vk.com/wall-143503361_1921
1911;26-05-2017;2017;May;26;Friday;11;4849;636;99814;0;Когда пинг большой;;;[{'1.gif': 'https://vk.com/doc18258452_445982741?hash=132a68de6b0bc08a3f&dl=GQ4TCNJXHAZA:1500066189:b2c777a63a7e53b46a&api=1&no_preview=1'}];https://vk.com/wall-143503361_1911
1893;25-05-2017;2017;May;25;Thursday;23;5511;34;98984;0;;['https://vk.com/photo-143503361_456239442'];;;https://vk.com/wall-143503361_1893
1868;25-05-2017;2017;May;25;Thursday;16;4053;443;87973;0;Первые рабочие дни сисадмина на новой работе;;;[{'file.gif': 'https://vk.com/doc18258452_445964180?hash=28d5d6b91128b3f814&dl=GQ4TCNJXHAZA:1500066189:23263a9061c6cda33f&api=1&no_preview=1'}];https://vk.com/wall-143503361_1868
1851;25-05-2017;2017;May;25;Thursday;10;3445;169;85589;0;;['https://vk.com/photo-143503361_456239436'];;;https://vk.com/wall-143503361_1851
1838;24-05-2017;2017;May;24;Wednesday;23;4256;66;91741;0;;['https://vk.com/photo-143503361_456239433'];;;https://vk.com/wall-143503361_1838
1801;24-05-2017;2017;May;24;Wednesday;15;5861;150;96292;0;;['https://vk.com/photo-143503361_456239415'];;;https://vk.com/wall-143503361_1801
1777;24-05-2017;2017;May;24;Wednesday;00;3973;148;87115;0;;['https://vk.com/photo-143503361_456239406'];;;https://vk.com/wall-143503361_1777
1765;23-05-2017;2017;May;23;Tuesday;20;3438;60;88598;0;;['https://vk.com/photo-143503361_456239402'];;;https://vk.com/wall-143503361_1765
1736;23-05-2017;2017;May;23;Tuesday;16;3163;135;82877;0;;['https://vk.com/photo-143503361_456239396'];;;https://vk.com/wall-143503361_1736
1713;23-05-2017;2017;May;23;Tuesday;09;3748;124;80245;0;;['https://vk.com/photo-143503361_456239393'];;;https://vk.com/wall-143503361_1713
1707;22-05-2017;2017;May;22;Monday;23;3016;149;81516;0;;['https://vk.com/photo-143503361_456239391'];;;https://vk.com/wall-143503361_1707
1677;22-05-2017;2017;May;22;Monday;19;2376;136;78567;0;;['https://vk.com/photo-143503361_456239386'];;;https://vk.com/wall-143503361_1677
1673;22-05-2017;2017;May;22;Monday;18;7403;60;99346;0;;['https://vk.com/photo-143503361_456239385'];;;https://vk.com/wall-143503361_1673
1660;22-05-2017;2017;May;22;Monday;15;3336;236;91505;0;Инженер-романтик;;;[{'2.gif': 'https://vk.com/doc18258452_445840494?hash=20eab6890d5992ad3d&dl=GQ4TCNJXHAZA:1500066189:77a88324483bbf8d48&api=1&no_preview=1'}];https://vk.com/wall-143503361_1660
1636;22-05-2017;2017;May;22;Monday;00;3967;309;96561;0;;['https://vk.com/photo-143503361_456239371'];;;https://vk.com/wall-143503361_1636
1614;21-05-2017;2017;May;21;Sunday;18;4419;169;92595;0;;['https://vk.com/photo-143503361_456239365'];;;https://vk.com/wall-143503361_1614
1586;21-05-2017;2017;May;21;Sunday;09;2619;152;76919;0;В нашем доме поселился замечательный сосед;['https://vk.com/photo-143503361_456239360'];;;https://vk.com/wall-143503361_1586
1579;20-05-2017;2017;May;20;Saturday;22;667;73;74361;0;[club47923094|Windows Blog] 👈 полезное сообщество о компьютерах 💻;['https://vk.com/photo-143503361_456239358'];;;https://vk.com/wall-143503361_1579
1554;20-05-2017;2017;May;20;Saturday;19;2847;146;85615;0;;['https://vk.com/photo-143503361_456239357'];;;https://vk.com/wall-143503361_1554
1543;20-05-2017;2017;May;20;Saturday;16;5479;107;91649;0;;['https://vk.com/photo-143503361_456239355'];;;https://vk.com/wall-143503361_1543
1538;20-05-2017;2017;May;20;Saturday;13;3614;292;85040;0;;['https://vk.com/photo-143503361_456239353'];;;https://vk.com/wall-143503361_1538
1525;20-05-2017;2017;May;20;Saturday;09;3347;159;82290;0;На страже кибербезопасности;['https://vk.com/photo-143503361_456239351'];;;https://vk.com/wall-143503361_1525
1521;19-05-2017;2017;May;19;Friday;23;3017;267;86548;0;;['https://vk.com/photo-143503361_456239349'];;;https://vk.com/wall-143503361_1521
1494;19-05-2017;2017;May;19;Friday;16;3105;166;81376;0;;['https://vk.com/photo-143503361_456239345'];;;https://vk.com/wall-143503361_1494
1486;19-05-2017;2017;May;19;Friday;12;1934;110;75728;0;;['https://vk.com/photo-143503361_456239343'];;;https://vk.com/wall-143503361_1486
1473;19-05-2017;2017;May;19;Friday;09;3446;87;81348;0;;['https://vk.com/photo-143503361_456239342'];;;https://vk.com/wall-143503361_1473
1464;19-05-2017;2017;May;19;Friday;00;2262;159;80262;0;;['https://vk.com/photo-143503361_456239330'];;;https://vk.com/wall-143503361_1464
1456;18-05-2017;2017;May;18;Thursday;22;3006;247;92944;0;Разработчикам Electronic Arts виднее, как должно быть😏;;;[{'1.gif': 'https://vk.com/doc18258452_445712583?hash=4c937de0317f60442f&dl=GQ4TCNJXHAZA:1500066189:d97eb885fbb39243db&api=1&no_preview=1'}];https://vk.com/wall-143503361_1456
1443;18-05-2017;2017;May;18;Thursday;20;4343;265;93236;0;;['https://vk.com/photo-143503361_456239319'];;;https://vk.com/wall-143503361_1443
1427;18-05-2017;2017;May;18;Thursday;09;8009;149;104243;0;;['https://vk.com/photo-143503361_456239310'];;;https://vk.com/wall-143503361_1427
1423;18-05-2017;2017;May;18;Thursday;08;3684;255;89659;0;;['https://vk.com/photo-143503361_456239313'];;;https://vk.com/wall-143503361_1423
1412;17-05-2017;2017;May;17;Wednesday;21;3263;184;98287;0;;['https://vk.com/photo-143503361_456239309'];;;https://vk.com/wall-143503361_1412
1392;17-05-2017;2017;May;17;Wednesday;08;5927;465;118913;0;;['https://vk.com/photo-143503361_456239299'];;;https://vk.com/wall-143503361_1392
1368;16-05-2017;2017;May;16;Tuesday;16;8263;343;134824;0;;['https://vk.com/photo-143503361_456239267'];;;https://vk.com/wall-143503361_1368
1355;16-05-2017;2017;May;16;Tuesday;10;2730;152;97791;0;;['https://vk.com/photo-143503361_456239280'];;;https://vk.com/wall-143503361_1355
1346;15-05-2017;2017;May;15;Monday;22;3269;99;104399;0;;['https://vk.com/photo-143503361_456239281'];;;https://vk.com/wall-143503361_1346
1297;14-05-2017;2017;May;14;Sunday;11;5885;247;124760;0;;['https://vk.com/photo-143503361_456239268'];;;https://vk.com/wall-143503361_1297
1286;13-05-2017;2017;May;13;Saturday;21;4169;169;117393;0;;['https://vk.com/photo-143503361_456239266'];;;https://vk.com/wall-143503361_1286
1280;13-05-2017;2017;May;13;Saturday;19;3299;82;101157;0;эро клава ☺;['https://vk.com/photo-143503361_456239245'];;;https://vk.com/wall-143503361_1280
1267;13-05-2017;2017;May;13;Saturday;09;2870;814;106761;0;Курс MS Excel. Оказывается мы многого не знает..;;[{'Урок 1. Знакомство с программой Microsoft Excel ( Excel для начинающих)': 'https://vk.com/video-4159347_456239253'}, {'Урок 2. Создание таблиц в MS Excel (Excel для начинающих)': 'https://vk.com/video-4159347_456239254'}, {'Урок 3.  Вычисление в электронных таблицах.  Относительная адресация (Excel для начи...': 'https://vk.com/video-4159347_456239255'}, {'Урок 4.  Абсолютная адресация (Excel для начинающих)': 'https://vk.com/video-4159347_456239256'}, {'Урок 5.  Функции в MS Excel (Excel для начинающих)': 'https://vk.com/video-4159347_456239257'}, {'Урок 6. Графики и диаграммы в MS Excel (Excel для начинающих)': 'https://vk.com/video-4159347_456239258'}, {'Урок 7. Логические функции в MS Excel.  Ветвление (Excel для начинающих)': 'https://vk.com/video-4159347_456239259'}];;https://vk.com/wall-143503361_1267
1245;12-05-2017;2017;May;12;Friday;13;3729;225;106797;0;;['https://vk.com/photo-143503361_456239258'];;;https://vk.com/wall-143503361_1245
1244;12-05-2017;2017;May;12;Friday;13;899;225;78296;0;"Java. Чтение файла
Java. Парсинг HTML страниц (jsoup)";;[{'Java. Чтение файла': 'https://vk.com/video-47772593_456239193'}, {'Java. Парсинг HTML страниц (jsoup)': 'https://vk.com/video-47772593_456239194'}];;https://vk.com/wall-143503361_1244
1221;12-05-2017;2017;May;12;Friday;11;3973;153;100624;0;;['https://vk.com/photo-143503361_456239253'];;;https://vk.com/wall-143503361_1221
1212;12-05-2017;2017;May;12;Friday;10;5320;374;102553;0;;['https://vk.com/photo-143503361_456239244'];;;https://vk.com/wall-143503361_1212
1205;11-05-2017;2017;May;11;Thursday;19;19116;216;2665965;0;;['https://vk.com/photo-143503361_456239259'];;;https://vk.com/wall-143503361_1205
1193;11-05-2017;2017;May;11;Thursday;17;4594;300;108918;0;;['https://vk.com/photo-143503361_456239240'];;;https://vk.com/wall-143503361_1193
1185;11-05-2017;2017;May;11;Thursday;15;8401;106;118218;0;;['https://vk.com/photo-143503361_456239239'];;;https://vk.com/wall-143503361_1185
1178;11-05-2017;2017;May;11;Thursday;13;2421;95;92678;0;;['https://vk.com/photo-143503361_456239242'];;;https://vk.com/wall-143503361_1178
1170;11-05-2017;2017;May;11;Thursday;10;4199;167;102747;0;;['https://vk.com/photo-143503361_456239237'];;;https://vk.com/wall-143503361_1170
1156;10-05-2017;2017;May;10;Wednesday;20;4025;1046;110813;0;Как сделать бот;;[{'Как сделать бот': 'https://vk.com/video-101965347_456252212'}, {'Как сделать бот(2)': 'https://vk.com/video-101965347_456252213'}, {'Как сделать бот - надежный,но медленный, удобный или быстрый?': 'https://vk.com/video-101965347_456252214'}, {'Как сделать бот - как узнать код цвета после colormode.': 'https://vk.com/video-101965347_456252215'}, {'Автокликер для seo сёрфинга': 'https://vk.com/video-101965347_456252216'}, {'Как запрограммировать ожидание появления картинки': 'https://vk.com/video-101965347_456252217'}, {'Программа для отгадывания капчи': 'https://vk.com/video-101965347_456252218'}, {'Скрипт для шутеров и динамических игр.': 'https://vk.com/video-101965347_456252219'}];;https://vk.com/wall-143503361_1156
1150;10-05-2017;2017;May;10;Wednesday;17;3641;165;106791;0;;['https://vk.com/photo-143503361_456239224'];;;https://vk.com/wall-143503361_1150
1130;09-05-2017;2017;May;09;Tuesday;21;7855;505;138488;0;;['https://vk.com/photo-143503361_456239216'];;;https://vk.com/wall-143503361_1130
1112;08-05-2017;2017;May;08;Monday;21;3830;159;114526;0;Мой код;['https://vk.com/photo-143503361_456239214'];;;https://vk.com/wall-143503361_1112
1097;07-05-2017;2017;May;07;Sunday;22;673;6;111381;0;;;;;https://vk.com/wall-143503361_1097
1095;07-05-2017;2017;May;07;Sunday;21;1549;386;110827;0;"Linux 
 
Linux. #1. Навигация. 
Linux. #2. Редакторы Nano и Vim. 
Стоит ли переходить на Linux? 
Устанавливаем Ubuntu на VirtualBox";;[{'Linux. #1. Навигация.': 'https://vk.com/video-101965347_456252150'}, {'Linux. #2. Редакторы Nano и Vim.': 'https://vk.com/video-101965347_456252151'}, {'Стоит ли переходить на Linux?': 'https://vk.com/video-101965347_456252152'}, {'Устанавливаем Ubuntu на VirtualBox': 'https://vk.com/video-101965347_456252153'}];;https://vk.com/wall-143503361_1095
1080;06-05-2017;2017;May;06;Saturday;21;6741;183;154109;0;;['https://vk.com/photo-143503361_456239204'];;;https://vk.com/wall-143503361_1080
1053;05-05-2017;2017;May;05;Friday;09;900;61;126335;0;Каким текстовым редактором вы чаще всего пользуетесь ?;['https://vk.com/photo-143503361_456239070'];;;https://vk.com/wall-143503361_1053
1038;04-05-2017;2017;May;04;Thursday;21;1599;285;136197;0;;['https://vk.com/photo-143503361_456239077'];;;https://vk.com/wall-143503361_1038
1030;04-05-2017;2017;May;04;Thursday;17;839;120;122963;0;;['https://vk.com/photo-143503361_456239135'];;;https://vk.com/wall-143503361_1030
1023;04-05-2017;2017;May;04;Thursday;15;808;165;113522;0;"Продвинутый C#. Методы toString, equals (сравнение объектов) 
Продвинутый C#. Работа с файлами. Чтение файла";;[{'Продвинутый C#. Методы toString, equals (сравнение объектов)': 'https://vk.com/video-47772593_456239189'}, {'Продвинутый C#. Работа с файлами. Чтение файла': 'https://vk.com/video-47772593_456239190'}];;https://vk.com/wall-143503361_1023
1002;02-05-2017;2017;May;02;Tuesday;22;1895;159;136866;0;Когда не работает скрипт;;;[{'дзен.gif': 'https://vk.com/doc309847525_444555857?hash=7ccc3ec93d2df0e315&dl=GQ4TCNJXHAZA:1500066190:6e920aa5c1c7e825a1&api=1&no_preview=1'}];https://vk.com/wall-143503361_1002
981;01-05-2017;2017;May;01;Monday;21;5077;367;174723;0;;['https://vk.com/photo-143503361_456239160'];;;https://vk.com/wall-143503361_981
958;28-04-2017;2017;April;28;Friday;14;5834;231;163988;0;;['https://vk.com/photo-143503361_456239163'];;;https://vk.com/wall-143503361_958
956;28-04-2017;2017;April;28;Friday;12;5095;221;155255;0;;['https://vk.com/photo-143503361_456239167'];;;https://vk.com/wall-143503361_956
934;26-04-2017;2017;April;26;Wednesday;20;7664;289;164385;0;;['https://vk.com/photo-143503361_456239174'];;;https://vk.com/wall-143503361_934
912;25-04-2017;2017;April;25;Tuesday;16;2021;571;133566;0;"Химия CSS3 
 
1. Что такое CSS и способы подключения стилей 
2. Синтаксис CSS 
3. Селекторы в CSS. Часть 1 
4. Селекторы в CSS. Часть 2 - селекторы атрибутов 
5. Селекторы в CSS. Часть 3 - Комбинированные селекторы";;[{'1. [Уроки по CSS3]  Что такое CSS и способы подключения стилей': 'https://vk.com/video-101965347_456251646'}, {'2. [Уроки по CSS3] Синтаксис CSS': 'https://vk.com/video-101965347_456251647'}, {'3. [Уроки по CSS3] Селекторы в CSS. Часть 1': 'https://vk.com/video-101965347_456251648'}, {'4. [Уроки по CSS3] Селекторы в CSS. Часть 2 - селекторы атрибутов': 'https://vk.com/video-101965347_456251649'}, {'5. [Уроки по CSS3] Селекторы в CSS. Часть 3 - Комбинированные селекторы': 'https://vk.com/video-101965347_456251650'}];;https://vk.com/wall-143503361_912
879;23-04-2017;2017;April;23;Sunday;20;7970;521;179889;0;;['https://vk.com/photo-143503361_456239166'];;;https://vk.com/wall-143503361_879
869;22-04-2017;2017;April;22;Saturday;20;891;9;142395;0;;;;;https://vk.com/wall-143503361_869
867;22-04-2017;2017;April;22;Saturday;18;2448;494;151867;0;Как создать Flappy Bird 🐦;;[{'Создание игры Flappy Bird для социальной сети ВКонтакте. Как создать игру для ВК?': 'https://vk.com/video-101965347_456251293'}, {'Создание игры Flappy Bird для социальной сети ВКонтакте как создать игру для ВК': 'https://vk.com/video-101965347_456251294'}, {'Создание игры Flappy Bird для социальной сети ВКонтакте, публикация в GitHub.Pages': 'https://vk.com/video-101965347_456251295'}, {'Портирование игры FlappyBird под Android, как создать игру для Android': 'https://vk.com/video-101965347_456251296'}];;https://vk.com/wall-143503361_867
863;22-04-2017;2017;April;22;Saturday;16;666;15;128229;0;;['https://vk.com/photo-143503361_456239161'];;;https://vk.com/wall-143503361_863
836;21-04-2017;2017;April;21;Friday;11;4983;328;180175;0;;['https://vk.com/photo-143503361_456239159'];;;https://vk.com/wall-143503361_836
819;20-04-2017;2017;April;20;Thursday;22;639;5;149325;0;;;;;https://vk.com/wall-143503361_819
816;20-04-2017;2017;April;20;Thursday;22;5147;299;174551;0;;['https://vk.com/photo-143503361_456239153'];;;https://vk.com/wall-143503361_816
806;20-04-2017;2017;April;20;Thursday;18;6595;559;175971;0;Что происходит, когда вы вращаете камеру в играх;;;[{'1.gif': 'https://vk.com/doc380010942_444527826?hash=1fa3846cbf8c2127be&dl=GQ4TCNJXHAZA:1500066190:b07819ff93bdf90784&api=1&no_preview=1'}];https://vk.com/wall-143503361_806
794;20-04-2017;2017;April;20;Thursday;13;11283;546;207988;0;;['https://vk.com/photo-143503361_456239143'];;;https://vk.com/wall-143503361_794
788;20-04-2017;2017;April;20;Thursday;11;4068;1055;169101;0;"Уроки на С++ 
 
С++ 1. Указатели. Константный указатель 
С++ 2. Ссылки. Ссылки на указатель 
С++ 3. Передача в функцию 
С++ 4. Указатели и массивы. Массив указателей 
С++ 5. Передача одномерных и двумерных массивов в функцию 
С++ 6. Указатель на указатель 
С++ 7. Динамические массивы. Операторы new и delete 
С++ 8. Двумерные динамические массивы 
С++ 9. Указатель на функцию 
С++ 10. Заключение";;[{'С++ 1. Указатели. Константный указатель': 'https://vk.com/video-101965347_456248612'}, {'С++ 2. Ссылки. Ссылки на укзатель': 'https://vk.com/video-101965347_456248613'}, {'С++ 3. Передача в функцию': 'https://vk.com/video-101965347_456248614'}, {'С++ 4. Указатели и массивы. Массив указателей': 'https://vk.com/video-101965347_456248615'}, {'С++ 5. Передача одномерных и двумерных массивов в функцию': 'https://vk.com/video-101965347_456248616'}, {'С++ 6. Указатель на указатель': 'https://vk.com/video-101965347_456248617'}, {'С++ 7. Динамические массивы. Операторы new и delete': 'https://vk.com/video-101965347_456248618'}, {'С++ 8. Двумерные динамические массивы': 'https://vk.com/video-101965347_456248619'}, {'С++ 9. Указатель на функцию': 'https://vk.com/video-101965347_456248620'}, {'С++ 10. Заключение': 'https://vk.com/video-101965347_456248621'}];;https://vk.com/wall-143503361_788
767;19-04-2017;2017;April;19;Wednesday;21;3944;305;167617;0;Как я пишу код;;;[{'localhost': 'https://vk.com/doc380010942_444510342?hash=4a4ca2b87253bad674&dl=GQ4TCNJXHAZA:1500066190:f9da4354ae1ee6af72&api=1&no_preview=1'}];https://vk.com/wall-143503361_767
757;19-04-2017;2017;April;19;Wednesday;13;1233;242;153099;0;"Секреты CSS. Идеальные решения ежедневных задач (2016) 
Автор: Леа Веру 
 
Гибкий легкий код, соответствующий стандартам - его можно получить, если подойти к проблеме аналитически. Леа Веру познакомит вас с недокументированными приемами, позволяющими найти изящные решения для самого широкого круга задач веб-дизайна. В основу книги легли доклады автора на шестидесяти международных конференциях веб-разработчиков, так что она затрагивает самые актуальные темы - от взаимодействия с пользователем до типографики и визуальных эффектов. 
Множество книг, доступных на сегодняшнем рынке, документируют возможности CSS от A до Я. Хорошо это или плохо, но ""Секреты CSS"" - не одна из них. Ее назначение - заполнить пробелы в знаниях, оставшиеся после того, как вы уже ознакомились со справочными материалами, открыть ваш разум новым способам применения функциональности, которая вам уже известна, а также познакомить вас с полезными возможностями CSS, которые не так модны и популярны, но заслуживают не меньшей любви. Главная задача этой книги - научить вас решать проблемы с помощью CSS.";['https://vk.com/photo-143503361_456239134'];;[{'CSS_Secrets_proglib.pdf': 'https://vk.com/doc380010942_444488646?hash=304df5047fd0de6c82&dl=GQ4TCNJXHAZA:1500066190:d6547024b590dfe872&api=1&no_preview=1'}];https://vk.com/wall-143503361_757
747;18-04-2017;2017;April;18;Tuesday;18;5522;645;167998;0;Кот увидел как я собираю ПК;;;[{'1.gif': 'https://vk.com/doc166942922_444446520?hash=4d3d768ccc65f5a774&dl=GQ4TCNJXHAZA:1500066190:c9a4e8c3b958a07fb6&api=1&no_preview=1'}];https://vk.com/wall-143503361_747
745;18-04-2017;2017;April;18;Tuesday;17;439;41;142119;0;"Продолжается набор в онлайн-университет от Mail.Ru Group с гарантированным трудоустройством в ведущие IT-компании. 

Есть факультеты веб- и android-разработки, скоро запуск направления IOS. https://goo.gl/4yI5rF";;;;https://vk.com/wall-143503361_745
732;18-04-2017;2017;April;18;Tuesday;11;4472;633;165640;0;;['https://vk.com/photo-143503361_456239131'];;;https://vk.com/wall-143503361_732
722;17-04-2017;2017;April;17;Monday;23;627;5;151490;0;;;;;https://vk.com/wall-143503361_722
719;17-04-2017;2017;April;17;Monday;23;6858;137;180702;0;;['https://vk.com/photo-143503361_456239130'];;;https://vk.com/wall-143503361_719
717;17-04-2017;2017;April;17;Monday;21;1000;3;134330;0;;;;;https://vk.com/wall-143503361_717
706;17-04-2017;2017;April;17;Monday;10;1421;340;162303;0;"Пишем API на NodeJS 
 
#1 - Устанавливаем node правильно 
#2 - Установка Express. Добавляем базовый роутинг 
#3 - Реализуем добавление и обновление данных 
#4 - Подключение базы данных к express 
#5 - Реализуем добавление и обновление исполнителей в базе данных 
#6 - Модели и контроллеры в node";;[{'Пишем API на NodeJS - #1 - Устанавливаем node правильно': 'https://vk.com/video-101965347_456248538'}, {'Пишем API на NodeJS - #2 - Установка Express. Добавляем базовый роутинг.': 'https://vk.com/video-101965347_456248539'}, {'Пишем API на NodeJS - #3 - Реализуем добавление и обновление данных': 'https://vk.com/video-101965347_456248540'}, {'Пишем API на NodeJS - #4 - Подключение базы данных к express': 'https://vk.com/video-101965347_456248541'}, {'Пишем API на NodeJS - #5 - Реализуем добавление и обновление исполнителей в базе данных': 'https://vk.com/video-101965347_456248542'}, {'Пишем API на NodeJS - #6 - Модели и контроллеры в node': 'https://vk.com/video-101965347_456248543'}];;https://vk.com/wall-143503361_706
683;16-04-2017;2017;April;16;Sunday;13;18742;163;239155;0;;['https://vk.com/photo-143503361_456239125'];;;https://vk.com/wall-143503361_683
665;15-04-2017;2017;April;15;Saturday;21;28764;188;4768391;0;;['https://vk.com/photo-143503361_456239124'];;;https://vk.com/wall-143503361_665
662;15-04-2017;2017;April;15;Saturday;21;6536;1675;252595;0;Хороший курс по Основам Java;;"[{'Мирончик И.Я.: ""Основы программирования на языке Java"" [1-1]': 'https://vk.com/video-101965347_456251282'}, {'Мирончик И.Я.: ""Основы программирования на языке Java"" [1-2]': 'https://vk.com/video-101965347_456251283'}, {'Мирончик И.Я.: ""Основы программирования на языке Java"" [2]': 'https://vk.com/video-101965347_456251284'}, {'Мирончик И.Я.: ""Основы программирования на языке Java"" [3]': 'https://vk.com/video-101965347_456251285'}, {'Мирончик И.Я.: ""Основы программирования на языке Java"" [4]': 'https://vk.com/video-101965347_456251286'}, {'Мирончик И.Я.: ""Основы программирования на языке Java"" [5]': 'https://vk.com/video-101965347_456251287'}]";;https://vk.com/wall-143503361_662
645;14-04-2017;2017;April;14;Friday;22;7173;472;241599;0;;['https://vk.com/photo-143503361_456239120'];;;https://vk.com/wall-143503361_645
622;13-04-2017;2017;April;13;Thursday;19;8359;845;264400;0;Когда упал сервер и пытаешься его поднять.;;;[{'7-1.gif': 'https://vk.com/doc380010942_444283385?hash=5e5d9ebd8bbac9a44c&dl=GQ4TCNJXHAZA:1500066190:c9acb17bcf7cd4745d&api=1&no_preview=1'}];https://vk.com/wall-143503361_622
586;12-04-2017;2017;April;12;Wednesday;19;8137;452;264865;0;;['https://vk.com/photo-143503361_456239052'];;;https://vk.com/wall-143503361_586
573;12-04-2017;2017;April;12;Wednesday;14;1897;278;225217;0;Может кому будет полезно, да и как минимум для саморазвития - сделал небольшую пошаговую инструкцию по разборке, последующей прочистки и замене термопасты ноутбука Acer Aspire 5552g , по сути схема почти везде одинаковая но есть более простая где снимается задняя крышка ноута и вытаскивается система охлаждения, но не на данном экземпляре, тут пришлось попотеть и чуть ли не полностью его разобрать.;['https://vk.com/photo-143503361_456239091', 'https://vk.com/photo-143503361_456239092', 'https://vk.com/photo-143503361_456239093', 'https://vk.com/photo-143503361_456239094', 'https://vk.com/photo-143503361_456239095', 'https://vk.com/photo-143503361_456239096', 'https://vk.com/photo-143503361_456239097', 'https://vk.com/photo-143503361_456239098', 'https://vk.com/photo-143503361_456239099'];;;https://vk.com/wall-143503361_573
554;11-04-2017;2017;April;11;Tuesday;22;3004;631;249454;0;;;[{'Верстка сайта HTML + CSS': 'https://vk.com/video-79831840_456244628'}];;https://vk.com/wall-143503361_554
542;11-04-2017;2017;April;11;Tuesday;16;11250;847;261736;0;;['https://vk.com/photo-143503361_456239085'];;;https://vk.com/wall-143503361_542
531;11-04-2017;2017;April;11;Tuesday;10;2237;353;238004;0;Полезные видео для веб-дизайнеров.;;[{'HTML и CSS для веб-дизайнера. Нужно ли дизайнеру изучать код и заниматься версткой?': 'https://vk.com/video-79831840_456242703'}];;https://vk.com/wall-143503361_531
512;10-04-2017;2017;April;10;Monday;10;5128;146;260338;0;;['https://vk.com/photo-143503361_456239084'];;;https://vk.com/wall-143503361_512
495;08-04-2017;2017;April;08;Saturday;19;1988;357;257584;0;"10 лучших функций на JavaScript 
 
10) addEvent() 
Несомненно, важнейший инструмент в управлении событиями! Вне зависимости от того, какой версией вы пользуетесь и кем она написана, она делает то, что написано у неё в названии: присоединяет к элементу обработчик события. 
 
9) onReady() 
Для инициализации страницы исторически использовалось событие window.onload, которое срабатывает после полной загрузки страницы и всех объектов на ней: счетчиков, картинок и т.п. 
 
8) getElementsByClass 
Изначально не написана никем конкретно. Многие разработчики писали свои собственные версии и ничья не показала себя лучше остальных. 
Следующая функция использует встроенный метод getElementsByClass, если он есть, и ищет элементы самостоятельно в тех браузерах, где этого метода нет. 
 
7) addClass() / removeClass() 
Следующие две функции добавляют и удаляют класс DOM элемента. 
 
6) toggle() 
Если быть честным, наверное для этой функции существует больше различных вариантов, чем было бы нужно. 
Этот вариант никоим образом он не претендует на звание универсальной функции-""переключателя"", но он выполняет основную функциональность показывания и спрятывания. 
 
5) insertAfter() 
Как и getElementsByClass, этой функции почему-то нет в стандарте DOM. Возможно, чтобы избежать дублирования функционала, т.к. insertAfter реализуется всего одной строчкой. 
 
4) inArray() 
Очень жаль, что это не часть встроенной функциональности DOM. Зато теперь у нас есть возможность всё время вставлять такие вот замечания! Для поиска эта функция использует проверку ===, которая осуществляет поиск по точному сравнению, без приведения типов. Метод Array.prototype.indexOf поддерживается не во всех браузерах, поэтому используется, если существует. 
 
3, 2 и 1) getCookie(), setCookie(), deleteCookie() 
В javascript нет способа нормально работать с cookie без дополнительных функций. Не знаю, кто проектировал document.cookie, но сделано на редкость убого. 
Поэтому следующие функции или их аналоги просто необходимы. 
Последняя, но зачастую полезная: функция byId 
Она позволяет функции работать одинаково при передаче DOM-узла или его id.";;;[{'tmp104610799': 'https://vk.com/doc380010942_444100407?hash=0890a5a28a946bc0f6&dl=GQ4TCNJXHAZA:1500066190:54ff5bc322ba7171ba&api=1&no_preview=1'}];https://vk.com/wall-143503361_495
488;08-04-2017;2017;April;08;Saturday;13;46963;343;9504705;0;;['https://vk.com/photo-143503361_456239082'];;;https://vk.com/wall-143503361_488
487;08-04-2017;2017;April;08;Saturday;12;1984;498;226003;0;"Практика использования CSS3 при создании сайта

1. CSS3 / jQuery1.11 - Позиционирование блоков
2. CSS3/ jQuery1.11 - Фиксированное позиционирование блоков
3. CSS3 / jQuery 1.11 - Одноуровневое меню для сайта";;[{'1. CSS3 / jQuery1.11 - Позиционирование блоков': 'https://vk.com/video-79831840_456244667'}, {'3. CSS3/ jQuery1.11 - Фиксированное позиционирование блоков': 'https://vk.com/video-79831840_456244669'}, {'CSS3 / jQuery 1.11 - Одноуровневое меню для сайта': 'https://vk.com/video-79831840_456244670'}];;https://vk.com/wall-143503361_487
471;07-04-2017;2017;April;07;Friday;14;6161;1499;284241;0;"Обучение C++ и C# 
 
(Урок 1) Начало работы. 
(Урок 2) Переменные и работа с ними. 
(Урок 3) if,else 
(Урок 4) for,while,do while 
(Урок 5) массивы и switch 
(Урок 6) двумерные массивы и char 
(Урок 7) указатели 
(Дополнительный урок) 
(Урок 8) Функции и их аргументы 
(Урок 8.2) Функции(return).";;[{'Обучение C++ и C# (Урок 1) Начало работы.': 'https://vk.com/video-79831840_456241178'}, {'Обучение C++ и C# (Урок 2) Переменные и работа с ними.': 'https://vk.com/video-79831840_456241179'}, {'Обучение C++ и C# (Урок 3) if,else': 'https://vk.com/video-79831840_456241180'}, {'Обучение C++ и C# (Урок 4) for,while,do while': 'https://vk.com/video-79831840_456241181'}, {'Обучение C++ и C# (Урок 5) массивы и switch': 'https://vk.com/video-79831840_456241182'}, {'Обучение C++ и C# (Урок 6) двумерные массивы и char': 'https://vk.com/video-79831840_456241183'}, {'Обучение C++ и C# (Урок 7) указатели': 'https://vk.com/video-79831840_456241184'}, {'Обучение C++ и C# (Дополнительный урок)': 'https://vk.com/video-79831840_456241185'}, {'Обучение C++ и C# (Урок 8) Функции и их аргументы': 'https://vk.com/video-79831840_456241186'}, {'Обучение C++ и C# (Урок 8.2) Функции(return).': 'https://vk.com/video-79831840_456241187'}];;https://vk.com/wall-143503361_471
465;06-04-2017;2017;April;06;Thursday;20;1922;402;230002;0;"Simple Snake Game in C++ Console 
 
How to make a simple snake game in C++. Less than 200 lines of code. Console version of the game. Suitable for beginners";;[{'C++ Tutorial 18 - Simple Snake Game (Part 1)': 'https://vk.com/video-79831840_456244939'}, {'C++ Tutorial 18 - Simple Snake Game (Part 2)': 'https://vk.com/video-79831840_456244940'}, {'C++ Tutorial 18 - Simple Snake Game (Part 3)': 'https://vk.com/video-79831840_456244941'}];;https://vk.com/wall-143503361_465
449;05-04-2017;2017;April;05;Wednesday;20;1274;241;220690;0;Пишем чат, на Node.js + Socket.io;;[{'Пишем чат на Node.js (Веб-сокеты)': 'https://vk.com/video-47772593_456239165'}];;https://vk.com/wall-143503361_449
437;05-04-2017;2017;April;05;Wednesday;14;1832;329;214020;0;"Работа с API Вконтакте

1- Работа с API Вконтакте с помощью PHP. Регистрация приложения и получение данных

2- Работа с API Вконтакте с помощью PHP. Отправка сообщений с медиа-вложением";;[{'Работа с API Вконтакте с помощью PHP. Регистрация приложения и получение данных': 'https://vk.com/video-79831840_456243538'}, {'Работа с API Вконтакте с помощью PHP. Отправка сообщений с медиа-вложением': 'https://vk.com/video-79831840_456243539'}];;https://vk.com/wall-143503361_437
416;04-04-2017;2017;April;04;Tuesday;21;892;159;221388;0;Быстрая нарезка psd макета для верстки.;;[{'Быстрая нарезка psd макета для верстки.': 'https://vk.com/video-79831840_456245171'}];;https://vk.com/wall-143503361_416
407;04-04-2017;2017;April;04;Tuesday;14;1757;196;201364;0;"Рекомендации для начинающих программистов 

Практика. Научиться программировать можно, только лишь программируя. Это больно и неприятно (если ты не программист), но другого пути нет. Единственный способ перестать бояться задачек на собеседованиях — порешать их дома самостоятельно. 

Выучи, наконец, английский! В первую очередь это касается разговорного английского. Сложно сосчитать то огромное количество толковых программистов, которых на моей памяти забраковали по одной единственной причине — неудовлетворительный уровень разговорного английского. Нет, если ты, конечно, собираешься работать программистом где-нибудь в отечественной компании, то твой уровень языка не будет играть важной роли. Но если ты хочешь попасть на работу в международную компанию, то сам бог велел выучить язык. Уровень твоего английского будет конвертироваться в дополнительные сотни долларов прибавки к зарплате. 

Знай рынок. Походи по вакансиям, почитай требования, поспрашивай друзей-программистов, сколько они получают. Используй сервисы, которые позволят составить более полную картину о рынке IT. Ты был бы удивлён, узнав о том, насколько велико количество талантливых программистов, которые получают в два раза меньше, чем могли бы, только лишь по причине своей лени и нежелания держать нос по ветру. 

Никогда не сдавайся. Даже если кажется, что ты заваливаешь собеседование, важно проявить стойкость и продолжить попытки решить задачу, какой бы сложной она ни казалась. Кто знает, может быть, тебя именно в этот момент проверяют на усердие в работе! 

Такие люди существуют, я их сам видел. Но их слишком мало, чтобы полностью покрыть нужды вечно голодного рынка IT-специалистов. А это значит, что у тебя всегда есть шанс, эдакий ты авантюрист.";['https://vk.com/photo-143503361_456239068'];;;https://vk.com/wall-143503361_407
405;04-04-2017;2017;April;04;Tuesday;11;2896;371;214903;0;;;[{'Языки программирования играют в покер': 'https://vk.com/video-63858240_456247491'}];;https://vk.com/wall-143503361_405
381;03-04-2017;2017;April;03;Monday;18;1735;398;224681;0;"Сетевое программирование. Создание чата. 
 
Сетевое программирование. Эпизод 1. (UI чата) 
Сетевое программирование. Сокеты, Протоколы, TCP vs UDP. (Создание клиент-серверного приложения) 
Сетевое программирование. Клиентский сокет + установление соединения. (Создание чата)";;[{'Сетевое программирование. Эпизод 1. (UI чата)': 'https://vk.com/video-16108331_456245628'}, {'Сетевое программирование. Сокеты, Протоколы, TCP vs UDP. (Создание клиент-серверного приложения)': 'https://vk.com/video-16108331_456245629'}, {'Сетевое программирование. Клиентский сокет + установление соединения. (Создание чата)': 'https://vk.com/video-16108331_456245630'}];;https://vk.com/wall-143503361_381
352;02-04-2017;2017;April;02;Sunday;12;1779;310;231779;0;"Изучаем Python 
Марк Лутц 
 
От издателя 
Такие известные компании, как Google и Intel, Cisco и Hewlett-Packard, используют язык Python, выбрав его за гибкость, простоту использования и обеспечиваемую им высокую скорость разработки. Он позволяет создавать эффективные и надежные проекты, которые легко интегрируются с программами и инструментами, написанными на других языках. 
Четвертое издание ""Изучаем Python"" - это учебник, написанный доступным языком, рассчитанный на индивидуальную скорость обучения и основанный на материалах учебных курсов, которые автор, Марк Лутц, ведет уже на протяжении десяти лет. Издание значительно расширено и дополнено в соответствии с изменениями, появившимися в новой версии 3.0. В книге представлены основные типы объектов в языке Python, порядок их создания и работы с ними, а также функции как основной процедурный элемент языка. Рассматриваются методы работы с модулями и дополнительными объектно-ориентированными инструментами языка Python - классами. Включены описания моделей и инструкций обработки исключений, а также обзор инструментов разработки, используемых при создании крупных программ.";['https://vk.com/photo-143503361_456239062'];;[{'Izuchaem_Python_4-e_izdanie_fayl_PDF.pdf': 'https://vk.com/doc380010942_443872116?hash=83a2841ec6253a2b97&dl=GQ4TCNJXHAZA:1500066190:8b0667b50607576f7a&api=1&no_preview=1'}];https://vk.com/wall-143503361_352
341;01-04-2017;2017;April;01;Saturday;22;745;119;226052;0;"ООП php7 для Начинающих! 
 
Методы класса.Функции";;[{'ООП для начинающих PHP. Методы класса.Функции': 'https://vk.com/video-41013329_456239205'}];;https://vk.com/wall-143503361_341
325;01-04-2017;2017;April;01;Saturday;13;3097;529;229970;0;"5 игр, которые должен создать каждый начинающий программист 
Обучение через развлечение. 
 
Многих из нас в профессию программиста привела детская любовь к играм и головоломкам. Поэтому нет ничего удивительного, что едва получив свои первые знания, мы начинаем придумывать им развлекательное применение. Вот 5 игр, которые помогут вам пройти путь от новичка до зрелого программиста (и будущего создателя игровых бестселлеров). 
 
Быки и коровы 
 
Суть игры: ваш соперник, будь то компьютер или друг, загадывает 4-значное число, состоящее из неповторяющихся цифр. Ваша задача - угадать его за ограниченное число ходов. В качестве подсказок выступают “коровы” (цифра угадана, но её позиция - нет) и “быки” (когда совпадает и цифра и её позиция). То есть если загадано число “1234”, а вы называете “6531”, то результатом будет 1 корова (цифра “1”) и 1 бык (цифра “3”) . 
 
Чем полезно: создание игры не потребует от вас углубленного знания языка, а сам язык может быть практически любой. При этом вам придётся использовать практически все базовые упражнения с циклами и операторами, да и на выходе получится весьма интересная игра. 
 
Как усложнить: сохранение результатов, круговое соревнование на несколько игроков, режим турнира, игра по сети. 
 
 
 
Текстовый квест 
 
Суть игры: строгих принципов нет, это может быть как линейный сюжет, требующий минимальных действий от игрока, так и полностью интерактивная забава, где количество возможных исходов исчисляется десятками. Классический пример первого типа - телевизионное шоу “Кто хочет стать миллионером?”, второго типа - настольная игра “Dungeons & Dragons”. 
 
Чем полезно: плох тот программист, который никогда не пытался создать некое подобие ИИ. Текстовые квесты как нельзя лучше для этого подходят, ведь здесь придётся просчитывать вероятности, оперировать данными и прогнозировать дальнейшие действия. Можно обойтись и без этого, но в любом случае придётся научиться работать с классами, объектами и модулями. 
 
Как усложнить: нет ничего более сложного в ИИ, чем возможность импровизировать. 
 
Крестики-нолики 
 
Суть игры: перед вами минимальное игровое поле 3 х 3 клетки. Каждому игроку присваивается своя фигура (крестик или нолик), после чего они поочередно заполняют ими поле. Первый ход за крестиками. Побеждает тот, кто соберёт 3 своих фигуры в ряд (по горизонтали, вертикали или диагонали). 
 
Чем полезно: Переход от текстовых приложений к графическому интерфейсу, хоть и на достаточно примитивном уровне. С точки зрения самого кода, в простейшем случае создатель игры потратит уйму времени на описание всевозможных однотипных ситуаций, просто набив руку. Но есть и сложный путь создания функционального кода. 
 
Как усложнить: увеличение размеров поля, регулировка сложности. 
 
Пятнашки (Змейка) 
 
Суть игры: Пятнашки (она же “Игры в 15”) - головоломка, цель которой за минимальное количество ходов упорядочить костяшки с нанесёнными числами от 1 до 15, расположенные на игровом поле 4 х 4 с одной свободной ячейкой. Собственно упорядочение должно происходить перемещением костяшек на соседнюю пустую ячейку. 
 
Змейка - игра, в которой игровой объект (собственно, змейка), перемещаясь по игровому полю в вертикальном и горизонтальном направлениях, увеличивает свою длину после столкновения с единичными объектами (едой). Суть игры заключается в необходимости избегать препятствия, границы игрового поля, а также собственный “хвост”. 
 
Чем полезно: переход на новый уровень в графической составляющей, при этом алгоритмы действий и их анализ остаются относительно простыми. 
 
Как усложнить: манипуляции с игровым полем и временем. 
 
 
 
Арканоид (Бильярд) 
 
Суть игры: взаимодействие большого числа объектов, каждое из которых обладает своими уникальными физическими и инерционными характеристиками. 
 
Чем полезно: качественная работа с графическими объектами, которая должна учитывать точную форму, траекторию движения, скорость, массу и т. д. Главная проблема - расчётное значение редко бывает целым, в отличии от количества пикселов, поэтому необходимо оперировать погрешностями и создавать модели поведения, включающие несколько факторов. 
 
Как усложнить: просто попробуйте сделать арканоид с классическими бонусами и изменением скорости полёта шарика. Бильярд сделать русским, а также учитывать взаимодействие шаров с покрытием.";['https://vk.com/photo-143503361_456239060'];;;https://vk.com/wall-143503361_325
320;01-04-2017;2017;April;01;Saturday;09;2027;238;208193;0;"Какой язык программирования лучше учить первым и почему?
--> И этим языком должен быть JavaScript.

Фактор №1. Рынок труда 
 Многие работодатели ищут JavaScript-разработчиков. Последних даже не хватает на рынке труда.

Фактор №2. Долгосрочные перспективы 
JavaScript развивается быстрее, чем любой другой популярный язык. Его экосистему поддерживают крупные денежные и интеллектуальные инвестиции таких компаний, как Google, Microsoft, Facebook и Netflix.

Фактор №3. Лёгкость изучения 
Большинство разработчиков согласится, что высокоуровневые скриптовые языки даются относительно легко. JavaScript относится к таковым, как и Python с Ruby. 

Фактор №4. Какие проекты можно создать 
В этом плане JavaScript на высоте. Он работает на любом устройстве, на котором есть браузер. С помощью JavaScript вы можете разработать почти что угодно и легко предоставить доступ другим.";['https://vk.com/photo-143503361_456239058'];;;https://vk.com/wall-143503361_320
303;31-03-2017;2017;March;31;Friday;20;1490;236;215823;0;"Сделайте обучение интересным 
 
Когда я думал о том, какие сервисы соблюдают тонкую грань между полезностью и интересным обучением, в голову пришло три названия: 
 
HTML Academy — здесь собраны практические задания по изучению HTML и CSS. 
Hexlet — на этом сайте собраны десятки уроков и практических занятий по программированию. 
Codeacademy — интерактивные занятия, обучающие всем языкам программирования бесплатно.";['https://vk.com/photo-143503361_456239054'];;;https://vk.com/wall-143503361_303
289;31-03-2017;2017;March;31;Friday;12;1052;211;211178;0;"HTML 5 для профессионалов 
 
Автор: П. Лабберс 
 
Описание: 
Эта книга поможет вам открыть для себя весь спектр возможностей, предлагаемых HTML5. Материал изложен таким образом, чтобы читатель смог как можно быстрее освоить концепции, предусматриваемые HTML5 и родственными спецификациями. 
 
Вы ознакомитесь со средствами поддержки необходимых инструментов, изучите типичные примеры их применения и разрешите для себя множество вопросов, ответы на которые вам не удастся найти в спецификациях. Приведенные в книге образцы кода не просто иллюстрируют тривиальные примеры использования отдельных инструментов HTML5, но позволяют пройти через все этапы создания полноценных веб-приложений. 
 
Эта книга ориентирована на опытных разработчиков веб-приложений, знакомых с программированием на JavaScript.";['https://vk.com/photo-143503361_456239053'];;[{'P_Labbers_-_HTML_5_dlya_professionalov_Moschnye.pdf': 'https://vk.com/doc380010942_443797398?hash=8e3a4bac6723a50d9e&dl=GQ4TCNJXHAZA:1500066190:62d852f05ab579f2f7&api=1&no_preview=1'}];https://vk.com/wall-143503361_289
276;30-03-2017;2017;March;30;Thursday;20;2920;735;242379;0;"Современный JavaScript (ES6) 
 
Урок 1. let, const 
Урок 2. Деструктуризация 
Урок 3. spread, rest операторы 
Урок 4. String Template и интерполяция строк 
Урок 5. Параметры по умолчанию 
Урок 6. Стрелочные функции 
Урок 7. Деструктуризация параметров";;[{'Урок 1. Современный JavaScript (ES6) - let, const': 'https://vk.com/video-47772593_456239175'}, {'Урок 2. Современный JavaScript (ES6) - Деструктуризация': 'https://vk.com/video-47772593_456239177'}, {'Урок 3. Современный JavaScript (ES6) - rest и spread операторы': 'https://vk.com/video-47772593_456239168'}, {'Урок 4. Современный JavaScript (ES6) - String Template и интерполяция строк': 'https://vk.com/video-47772593_456239170'}, {'Урок 5. Современный JavaScript (ES6) - Параметры по умолчанию': 'https://vk.com/video-47772593_456239171'}, {'Урок 6. Современный JavaScript (ES6) - Стрелочные функции': 'https://vk.com/video-47772593_456239172'}, {'Урок 7. Современный JavaScript (ES6) - Деструтуризация параметров': 'https://vk.com/video-47772593_456239176'}];;https://vk.com/wall-143503361_276
244;29-03-2017;2017;March;29;Wednesday;23;2887;575;264317;0;"«Книга шифров» 
 
Автор: Саймон Сингх 
Год: 1999 
 
Описание: 
Более современная, но не менее увлекательная версия Дэвида Кана. Кандидат наук по физике, известный документальным фильмом «Великая теорема Ферма», показывает что шифр — это на самом деле второй язык человечества, которым оно овладело сразу же после открытия письменности. Истории о шпионаже, войнах, аферах и политической хитрости позволят любому гуманитарию, незнакомому с матанализом, ориентироваться в мире криптографии. 
 
Цитата: «Криптография — самая необычная наука. Большинство ученых стремятся первыми опубликовать свою работу, потому что только путем распространения работа приобретает ценность. Наибольшая ценность криптографии, напротив, обеспечивается путем минимизации доступной возможному противнику информации».";['https://vk.com/photo-143503361_456239043'];;[{'Kniga_shifrov_Taynaya_istoria_shifrov_i_ikh_rasshif.pdf': 'https://vk.com/doc380010942_443748820?hash=1dba14e82c70a99ffa&dl=GQ4TCNJXHAZA:1500066190:98a6bd724675b98310&api=1&no_preview=1'}];https://vk.com/wall-143503361_244
242;29-03-2017;2017;March;29;Wednesday;23;1128;196;230162;0;"CSS для начинающих 
2. Создание и покдлючение";;[{'Урок 2 - Создание и покдлючение': 'https://vk.com/video-54530371_456239662'}];;https://vk.com/wall-143503361_242
208;29-03-2017;2017;March;29;Wednesday;17;3973;956;277213;0;Интенсивный курс Java;;[{'Lesson 1.1': 'https://vk.com/video-80984752_171607369'}, {'Lesson 1.2': 'https://vk.com/video-80984752_171607380'}, {'Lesson 2.1': 'https://vk.com/video-80984752_171607389'}, {'Lesson 2.2': 'https://vk.com/video-80984752_171607394'}];;https://vk.com/wall-143503361_208
207;29-03-2017;2017;March;29;Wednesday;17;723;5;222034;0;;;;;https://vk.com/wall-143503361_207
183;28-03-2017;2017;March;28;Tuesday;20;2048;555;260865;0;"Node.js Серверное программирование на JavaScript 
 
Программа курса: 
 
Урок 1. Знакомство с nodejs 
Знакомство с node.js, Сильные и слабые стороны node.js, Установка node.js с помощью nvm, Менеджер процессов pm2, Пример: Hello, world! 
 
Урок 2. Консольные программы 
Стандартные библиотеки и функции node.js, Консольные программы на node.js, Пример: Hello, {name}!, Обработка аргументов при запуске, Работа с переменными окружения, Пример: Hello, {env}!, Менеджер пакетов npm, Полезные библиотеки: sugar, underscore, async 
 
Урок 3. Работа с сетевыми заросами 
Принципы обработки входящих веб-запросов, Исходящие запросы с помощью request, Пример: Программа-переводчик (с помощью Google Translate) 
 
Урок 4. Фреймворк Express 
Знакомство с фреймворком express.js, Знакомство с шаблонизатором Handlebars, Пример: Программа-переводчик v2 с интерфейсом на HTML+CSS 
 
Урок 5. Работа с MySQL 
Работа с MySQL с помощью node-mysql, Создание и использование модулей, Пример: создание TODO-приложения основа — ввод и отображение пунктов) 
 
Урок 6. Аутентификация и авторизация 
Продолжение разработки TODO-приложения (редактирование и удаление пунктов, работа с cookies и сессиями, авторизация с помощью passport.js) 
 
Урок 7. REST API 
Создание и использование кроссдоменных API с помощью REST API + CORS, Создание REST API с помощью restify, Пример: импорт/экспорт TODO-листа в формате JSON, Использование REST API с помощью restify, Пример: поиск индекса через Google Maps 
 
Урок 8. WebSockets 
Работа с WebSockets через socket.io, Пример: простейшая чат-комната, Профессиональный хостинг для node.js, Как настроить VDS, Как использовать PAAS, Полезные сайты и инструменты";;[{'Node.js серверное программирование на JavaScript': 'https://vk.com/video-101965347_456248097'}, {'Node.js серверное программирование на JavaScript': 'https://vk.com/video-101965347_456248098'}, {'Node.js серверное программирование на JavaScript': 'https://vk.com/video-101965347_456248099'}, {'Node.js серверное программирование на JavaScript': 'https://vk.com/video-101965347_456248100'}, {'Node.js серверное программирование на JavaScript': 'https://vk.com/video-101965347_456248101'}, {'Node.js серверное программирование на JavaScript': 'https://vk.com/video-101965347_456248102'}, {'Node.js серверное программирование на JavaScript': 'https://vk.com/video-101965347_456248103'}, {'Node.js серверное программирование на JavaScript': 'https://vk.com/video-101965347_456248104'}];;https://vk.com/wall-143503361_183
167;28-03-2017;2017;March;28;Tuesday;16;46044;446;10641567;0;;['https://vk.com/photo-143503361_456239040'];;;https://vk.com/wall-143503361_167
143;27-03-2017;2017;March;27;Monday;18;2128;547;274598;0;"Небольшой видеокурс «Продвинутый JavaScript» 

1. Шаблоны вызова функции и this 
2. Функция-конструктор 
3. Прототипное наследование (часть 1-я) 
4. Прототипное наследование (часть 2-я) 
5. Прототипное наследование. Object.create() (часть 3-я) h";;[{'Продвинутый javascript 1 - Шаблоны вызова функции и this': 'https://vk.com/video-54530371_456240574'}, {'Продвинутый javascript 2 - Функция-конструктор': 'https://vk.com/video-54530371_456240575'}, {'Продвинутый javascript 3 - Прототипное наследование': 'https://vk.com/video-54530371_456240576'}, {'Продвинутый javascript 4 - Прототипное наследование ч.2': 'https://vk.com/video-54530371_456240577'}, {'Продвинутый javascript 5 - Прототипное наследование ч.3 Object.create()': 'https://vk.com/video-54530371_456240579'}];;https://vk.com/wall-143503361_143
137;27-03-2017;2017;March;27;Monday;16;1835;296;244241;0;"HTML для начинающих 
 
Урок 1. Структура HTML документа";;[{'Урок 1. Структура HTML документа': 'https://vk.com/video-101965347_456240330'}];;https://vk.com/wall-143503361_137
84;26-03-2017;2017;March;26;Sunday;21;2131;497;299305;0;"Уроки MS SQL Server 
 
1. Создание таблиц 
2. Ограничение таблицы 
3. Отношения между таблицами 
4. Оператор SELECT 
5. Функции группировки";;[{'Уроки MS SQL Server. Создание таблиц': 'https://vk.com/video-101965347_456250179'}, {'Уроки MS SQL Server. Ограничение таблицы': 'https://vk.com/video-101965347_456250180'}, {'Уроки MS SQL Server. Отношения между таблицами': 'https://vk.com/video-101965347_456250181'}, {'Уроки MS SQL Server. Оператор SELECT': 'https://vk.com/video-101965347_456250182'}, {'Уроки MS SQL Server. Функции группировки': 'https://vk.com/video-101965347_456250183'}];;https://vk.com/wall-143503361_84
58;26-03-2017;2017;March;26;Sunday;19;1630;333;306802;0;"Продвинутый курс по языку программирования JavaScript. 
1-я часть серии, состоящая из небольших видео-уроков, представляющих собой короткие ответы на популярные вопросы новичков: 
 
- JavaScript #0 Введение в курс 
- JavaScript #1 Массив: перебирающие методы – forEach 
- JavaScript #2 Массив: перебирающие методы – map 
- JavaScript #3 Массив: перебирающие методы – filter 
- JavaScript #4 Массив: перебирающие методы – every и some 
- JavaScript #5 Массив: перебирающие методы – reduce и reduceRight 
- JavaScript #6 Функции: псевдомассив arguments 
- JavaScript #7 Функции: Типы функций (Function esxpression, Function declaration & NFE) 
- JavaScript #8 Функции: this (контекст вызова) 
- JavaScript #9 Функции: замыкания, области видимости, лексическое окружение";;;;https://vk.com/wall-143503361_58
45;26-03-2017;2017;March;26;Sunday;17;2276;409;296669;0;Учим CSS3 за 45 минут!;;[{'Учим CSS3 за 45 минут!': 'https://vk.com/video-101965347_456247886'}];;https://vk.com/wall-143503361_45
44;26-03-2017;2017;March;26;Sunday;17;1053;13;252304;0;;;;;https://vk.com/wall-143503361_44
17;26-03-2017;2017;March;26;Sunday;14;1165;187;271985;0;"Unity 5 C# уроки для начинающих 

#2 - Переменные и основные функции";;[{'Unity C# уроки / #2 - Переменные и основные функции': 'https://vk.com/video-101965347_456250301'}];;https://vk.com/wall-143503361_17
8;26-03-2017;2017;March;26;Sunday;12;994;149;248653;0;"CSS для начинающих 
 
1. Классы и идентификаторы";;[{'Урок 1 - Классы и идентификаторы': 'https://vk.com/video-54530371_456239661'}];;https://vk.com/wall-143503361_8
7;26-03-2017;2017;March;26;Sunday;11;1050;174;227413;0;"Unity 5 C# уроки для начинающих 
 
#1 - Начинаем программировать";;[{'Unity C# уроки / #1 - Начинаем программировать': 'https://vk.com/video-101965347_456250300'}];;https://vk.com/wall-143503361_7
6;26-03-2017;2017;March;26;Sunday;11;1027;191;201372;0;"Изучаем программирование на JavaScript 
Авторы: Эрик Фримен, Элизабет Робсон 

 
Вы готовы сделать шаг вперед в веб-программировании и перейти от верстки в HTML и CSS к созданию полноценных динамических страниц? Тогда пришло время познакомиться с самым ""горячим"" языком программирования - JavaScript! 
С помощью этой книги вы узнаете все о языке JavaScript - от переменных до циклов. Вы поймете, почему разные браузеры по-разному реагируют на код и как написать универсальный код, поддерживаемый всеми браузерами. Вам станет ясно, почему с кодом JavaScript никогда не придется беспокоиться о перегруженности страниц и ошибках передачи данных. Не пугайтесь, даже если ранее вы не написали ни одной строчки кода, - благодаря уникальному формату подачи материала эта книга с легкостью проведет вас по всему пути обучения: от написания простейшего скрипта до создания сложных веб-проектов, которые будут работать во всех современных браузерах. 
Особенностью этого издания является уникальный способ подачи материала, выделяющий серию ""Head First"" издательства O'Reilly в ряду множества скучных книг, посвященных программированию. 
 
К посту прикреплена оригинальная книга на английском языке.";['https://vk.com/photo-143503361_456239020'];;[{'Head_First_JavaScript_Programming_proglib.pdf': 'https://vk.com/doc380010942_443609611?hash=b8a52e3451fe0a127d&dl=GQ4TCNJXHAZA:1500066190:6531298a39da4350a3&api=1&no_preview=1'}];https://vk.com/wall-143503361_6
5;26-03-2017;2017;March;26;Sunday;11;3405;271;186450;0;Когда решил что-то слегка поправить в верстке...;;;[{'file.gif': 'https://vk.com/doc380010942_443609506?hash=ca8388115969786fe3&dl=GQ4TCNJXHAZA:1500066190:2f73e167c5975b103c&api=1&no_preview=1'}];https://vk.com/wall-143503361_5
3;26-03-2017;2017;March;26;Sunday;11;241725;2214;19838701;0;;['https://vk.com/photo-143503361_456239019'];;;https://vk.com/wall-143503361_3
2;26-03-2017;2017;March;26;Sunday;11;1817;280;161882;1;"Жестокий Python: настольная книга хакеров, аналитиков и инженеров по безопасности (2012) 
Автор: Т. О'Коннор 
 
Эта книга расскажет вам, как перейти от теоретического понимания концепций проникновения в компьютерные системы перейти к практической реализации. Вместо того, чтобы полагаться на чужие инструменты, вы научитесь «ковать» свое собственное оружие, используя язык программирования Python. 
 
Авторы подробно рассказывают, как писать скрипты для автоматизации крупномасштабных сетевых атак и получения метаданных, проводить экспертизы добытых «артефактов». Также описывается, как писать код для перехвата и анализа сетевого трафика, обмана устройств для атаки через Wi-Fi или Bluetooth и как избегать современных антивирусов.";['https://vk.com/photo-143503361_456239018'];;[{'Violent_Python_A_Cookbook_for_Hackers_Forensic_Analysts_Penetration_TJ_O_Connor_proglib.pdf': 'https://vk.com/doc380010942_443609408?hash=21dc12fbf03679340f&dl=GQ4TCNJXHAZA:1500066190:672cac700a07574eab&api=1&no_preview=1'}];https://vk.com/wall-143503361_2
1;26-03-2017;2017;March;26;Sunday;11;1497;21;102654;1;;['https://vk.com/photo-143503361_456239017'];;;https://vk.com/wall-143503361_1
